taxonomy,Mal,Fru,Glc,(Mal)n,Gal,GlcNAc,Bgl,Scr,Rib,NANA,Man,XOS,FOS,Lac,Xyl,(Man)n,GlcA,Chb,Ara,Tre,(Rha)n,Lnb,(GalA)n,GalA,Fuc,aAOS,Aga,GOS,Rha,Ino,Mtl,a(Xyl)n,Srl,Gnt,(Fuc)n,MurNac,FruLys,Mel,Mannan,ManNAc,GalN,ddGlcA,Hyl,Gtl,PsiLys,(GlcA)n,GalNAc,Tag,GlcLys,Atl,All,Xtl,Rtl,Raf,FruAsp,bAOS
Faecalibacterium prausnitzii,1,1,0.94,1,1,1,0.88,0.06,0,1,0.06,0,0.19,1,0,0.46,0.94,0,0,0.26,0.4,0.94,0.94,0.94,0,0,0.06,0.41,0,0,0,0,0.12,0.4,0,0.81,0,0.46,0,0,0.48,0,0,0,0,0.46,0.41,0,0,0,0,0,0,0,0,0
Phocaeicola vulgatus,1,1,1,1,1,1,0.11,1,0,1,0.78,1,1,0.11,1,0.56,1,1,0.89,0,1,0,1,1,0.11,1,0,0.11,1,0,0.11,1,0,0,0.11,0,0,0,0.11,0,0,0,0,0,0,0,0,0,0,0,0,0,0,0,0,0
Prevotella copri,1,1,1,1,1,0.31,0.5,1,0,0.32,0,1,1,0.75,1,0.86,0.96,0.31,0.13,0,0.56,0,0.97,0.88,0.26,0.98,0,0.75,0.62,0,0.44,0.95,0,0,0.26,0,0,0,0.86,0,0,0,0,0,0,0,0,0,0,0,0,0,0,0,0,0
Bacteroides uniformis,1,1,1,1,1,1,1,1,0.89,0.89,0.11,1,1,0.11,1,1,1,1,1,0,0.78,0,0.67,1,0.66,1,0,0.11,0.78,0,0,1,0,0,0.66,1,0,0,1,0,0,0,0,0,0,0,0,0,0,0,0,0,0,0,0,0
[Eubacterium] rectale,1,1,1,1,1,1,1,0,0,0,0,1,1,0.75,0,0,0,0.5,0,0,0,0.75,0.25,0,0,0,1,0.75,0,0.25,0,0,0.75,0,0,0,0.25,1,0,0,0,0,0,0,0,0,0,0,0.25,0,0,0,0,0,0,0
Phocaeicola dorei,1,1,1,1,1,1,0,1,0.29,1,0,1,1,0,1,0.14,1,1,1,0,1,0,1,1,0,1,0,0,1,0,0,1,0,0,0,0,0,0,0.14,0,0,0,0,0,0,0,0,0,0,0,0,0,0,0,0,0
Bacteroides acidifaciens/caecimuris/koreensis/kribbi/ovatus/xylanisolvens,0.93,0.65,1,0.93,1,1,0,1,0.72,0.93,0.93,1,1,0.55,1,0.93,1,1,1,0,1,0,1,1,1,1,0,0.55,1,0,0.14,1,0,0,1,0.21,0,0,0.59,0,0,0,0,0,0,0,0,0,0,0,0,0,0,0,0,0
Akkermansia muciniphila,0,0,1,0,1,1,0,0,0,1,0,0,0,0,0,0,0.34,1,0,0,0,0,0,0,1,0,0,0,0,0,0.34,0,0,0,1,0,0,0,0,0,0,0,0,0,0,0,0,0,0,0,0,0,0,0,0,0
Bacteroides stercoris,1,1,1,0.33,1,1,0.33,1,0.33,0.67,0.33,0.67,1,0.33,0.67,0.33,0.67,0.67,0,0.33,0.67,0,0.67,0.67,0,0,0.33,0,0.67,0,0,0,0,0,0.33,0.67,0,0,0,0.33,0.33,0,0.33,0,0,0,0,0,0,0,0.33,0,0,0,0,0
Blautia wexlerae,0.67,1,0.99,0.34,0.33,0.33,0.99,0.99,0,0.99,0.66,0.66,1,0.99,0.67,0,0,0,0.99,0,0,0.99,0,0,0,0.66,0.99,0.99,0.34,0,0,0.66,0.66,0,0.33,0,0.33,0,0,0,0,0,0,0,0,0,0,0,0,0,0,0,0,0,0,0
Parabacteroides distasonis,1,0.98,1,0.76,1,0.92,0.84,1,0.92,0.92,0.68,1,1,0.08,1,0.92,0.92,0.92,0.08,0,0.84,0.08,0,0,0.08,0.17,0,0.08,0.84,0,0,0.33,0,0,0.08,0.08,0,0.08,0.92,0,0,0,0,0,0,0,0,0,0,0,0,0,0,0.08,0,0.08
Alistipes putredinis,0,0,1,0,0.01,0.01,0,0,0.01,0,0,0,0,0,0.01,0,0.01,0.01,0,0,0,0,0.01,0.01,0,0,0,0,0,0,0,0,0,0,0,0,0,0,0,0,0,0,0,0,0,0,0,0,0,0,0,0,0,0,0,0
Bacteroides caccae,1,0,1,1,1,1,0,1,1,1,1,1,1,1,1,1,1,1,1,0,1,0,1,1,1,1,0,1,1,0,0,0.33,0,0,1,1,0,0,0,0,0,0,0,0,0,0,0,0,0,0,0,0,0,0,0,0
Bifidobacterium adolescentis/breve/faecale/longum,1,1,1,1,0.74,0,0.47,1,0.95,0.31,0.37,0.37,1,1,0.69,0,0.11,0,0.69,0,0,1,0,0,0.31,0.69,0.11,1,0,0.05,0.42,0,0.42,0,0,0,0,1,0,0,0,0,0,0,0,0,0,0,0,0,0.21,0.31,0,1,0,0.63
Bacteroides faecichinchillae/faecis/thetaiotaomicron,0.82,0.91,1,0.82,1,1,0.09,0.91,0.82,0.27,0.91,0.73,0.91,0.64,0.73,1,0.73,1,0.73,0,0.91,0,0.91,0.73,0.73,0.73,0,0.64,1,0,0.18,0.73,0,0,0.73,0.09,0,0,0.09,0,0,0,0,0,0,0.18,0,0,0,0,0,0,0,0,0,0
Roseburia faecis,1,1,0,1,1,0.5,1,0,0,0,0,1,1,1,0,1,0,0,0,0,0.5,0.5,0,0,0,1,1,1,0,1,0,0,1,0,0,0,0,1,0,0,0,0,0,0,0,0,0,0,0,0,0,0,0,0,1,0
Parabacteroides merdae,0,0.5,1,0,1,1,0,0.5,1,1,0,1,0.5,0,1,0,1,1,0,0,1,0,1,1,0,0,0,0,1,0,0,1,0,0,0,0,0,0,0,0,0,0,0,0,0,0,0,0,0,0,0,0,0,0,0,0
Gemmiger formicilis,1,1,1,1,1,1,1,0.49,0.49,0.51,0,0.49,1,0.51,0.49,0,1,0.49,0.49,0,0.51,0.49,0.51,0.51,0,0,1,0.49,0,0,0,0,0,0,0,0,0.51,0.51,0,0,0,0,0,0,0,0,0,0,0.51,0,0,0,0,0,0,0
Phocaeicola massiliensis,1,1,1,1,1,1,0,1,0,1,1,0,1,1,0,1,1,1,0,0,0,0,0,0,0,0,0,1,0,0,0,0,1,0,0,0,0,0,0,0,0,0,0,0,0,0,0,0,0,0,0,0,0,0,0,0
Anaerostipes hadrus,0.89,1,1,0,0.89,1,1,1,0,0,1,0,0,0.8,0,0.31,0,0,1,0.2,0,0,0,0,0,0,0.2,0,0.2,0.8,1,0,1,0,0,0,0,0,0,0,0,0,0,0.69,0,0,0,0,0,0,0,0,0,0,0,0
Lachnospira eligens,1,1,0,1,0,1,1,0,0,0,0,0,0,1,0,0,0,0,0,0,1,0,1,0,0,0,0,0,0,0,0,0,0,1,0,0,0,0,0,0,0,0,0,0,0,0,0,0,0,0,0,0,0,0,0,0
Dialister invisus,0,0,0,0,0,0,0,0,0,0,0,0,0,0,0,0,0,0,0,0,0,0,0,0,0,0,0,0,0,0,0,0,0,0,0,0,0,0,0,0,0,0,0,0,0,0,0,0,0,0,0,0,0,0,0,0
Fusicatenibacter saccharivorans,1,1,1,1,1,1,0,1,0,0,1,1,0,1,0,1,0,0,0,0,1,0,0,0,0,0,0,1,0,0,0,0,0,0,0,0,0,0,0,0,0,0,0,0,0,0,0,0,0,0,0,0,0,0,0,0
Ruminococcus bromii,1,1,0,1,0,0,0,0,0,0,0,0,0,0,0,0,0,0,0,0,0,0,0,0,0,0,0,0,0,0,0,0,0,0,0,0,0,0,0,0,0,0,0,0,0,0,0,0,0,0,0,0,0,0,0,0
Oscillibacter valericigenes/Flintibacter butyricus/Oscillibacter ruminantium,0,0,0,0,0.5,0,0.5,0,0.5,0,0,0,0,0,1,0,0,0,0.5,0,0,0,0,0,0,0,0,0,0,0,0,0,0,0,0,0,0,0,0,0,0,0,0,0,0,0,0,0,0,0,0,0,0,0,0,0
Alistipes onderdonkii,0.99,0,1,0.99,1,0.01,0,0,1,0.99,0.99,0,0,0,0.01,0.99,0.01,0.01,0,0,0.99,0,0.01,0.01,0,0,0,0,0.99,0,0.99,0,0,0,0,0,0,0,0.99,0,0,0,0,0,0,0,0,0,0,0,0,0,0,0,0,0
Coprococcus eutactus,1,1,0.33,1,1,0,0.33,0,0,0,0,0,1,1,0,0.67,0,0,0,0,0,0,0,0,0,0,1,0,0,0,0,0,0,0,0,0,0.33,0.67,0.67,0,0,0,0,0,0,0,0,0,0.33,0,0,0,0,0,0,0
Ruminococcus champanellensis,0,0.03,0.97,0,0,0,0,0,0,0,0,0,0,0,0,0,0,0,0,0.03,0,0,0,0,0,0,0,0,0,0,0,0,0,0,0,0,0,0,0,0,0,0,0,0,0,0,0,0,0,0,0,0,0,0,0,0
Bacteroides cellulosilyticus/timonensis,1,1,1,1,1,1,1,1,1,0,0.4,1,1,0.6,1,1,1,1,1,0,1,0,1,1,1,1,0,0.6,1,0,0,1,0,0,1,1,0,0,1,0,0,0,0,0,0,0,0,0,0,0,0,0,0,0,0,0
Bacteroides fragilis,1,1,1,1,0.88,0.88,0.13,1,0,0.88,0.13,0.88,0.88,0.13,0.88,0.88,0.88,0.88,0,0,0,0,0,0,0.88,0,0,0,0,0,0,0,0,0,0.88,0.88,0,0.13,0.88,0,0,0,0,0,0,0,0,0,0,0,0,0,0,0,0,0
Blautia faecis,0,1,0,0,0,0,0,1,0,0,0,0,1,0,1,0,0,0,0,0,0,1,0,0,0,0,0,0,1,0,0,0.8,0.8,0,0,0,0,0,0,0,0,0,0,0,0,0,0,0,0,0,0,0,0,0,0,0
Roseburia inulinivorans,1,1,0,1,1,1,1,0,0,1,0,0,1,0,0,0,0,1,0,0,0,1,0,0,1,0,0,1,0,0,0,0,0,0,1,0,0,1,0,0,0,0,0,0,0,0,0,0,0,0,0,0,0,0,0,0
Barnesiella intestinihominis,1,0,1,1,1,1,0,0,0,0,0,0,0,0,0,1,0,1,0,0,0.57,0,0,0,0,0,0,0,1,0,0,0,0,0,0,1,0,0,0,0,0,0,0,0,0,0,0,0,0,0,0,0,0,0,0,0
Phascolarctobacterium faecium,0.6,0.6,0.6,0.6,0.6,0.6,0.2,0.6,0,0.6,0,0.6,0.6,0.2,0.6,0.6,0.6,0.6,0,0,0.4,0,0.6,0.2,0.6,0.6,0,0.2,0.4,0,0.2,0.6,0,0,0.6,0,0,0,0.6,0,0,0,0,0,0,0,0,0,0,0,0,0,0,0,0,0
Faecalibacillus faecis/intestinalis,0.73,1,0.73,0,0.55,0.54,1,1,0,0,1,0,0,0.73,0,0.73,0,0.45,0,0.82,0,0.45,0,0,0,0,0,0,0,0,0,0,0,0,0,0.45,0.37,0.91,0,0.09,0.18,0,0,0,0,0,0.18,0,0,0,0,0,0,0,0,0
Lactobacillus rogosae,1,1,0,1,0,0,0,0,0,0,0,0,0,0.5,0,0,0.5,0,0,0,0,0,1,0.5,0,0,0,0,0,0,0,0,0,0.5,0,0,0,1,0,0,0,0,0,0,0,1,0,0,0,0,0,0,0,0,0,0
Roseburia intestinalis,1,1,0,1,1,1,1,0.5,0,0,0,1,0.25,1,0,1,1,0.75,0,0,0.5,0.75,1,1,0,1,0,0.25,0,0.25,0,0,0.25,0,0,0,0,1,1,0,0,0,0,0,0,0,0,0,0,0,0,0,0,0,0,0
Blautia luti,1,1,0.63,1,0,0.38,0.88,1,0,0.13,0.75,1,0.88,0.25,1,0,0,0,0.13,0.63,0.75,0.25,0,0,0.25,0,1,1,1,1,0,0,0.63,0,0.88,0,0.25,0.25,0,0,0,0,0,0,0,0,0,0,0,0,0,0,0,0,0,0
Anaerobutyricum hallii,1,1,0,1,1,0,0,0,1,0,1,0,0,1,0,0,0,0,0,0,0,0,0,0,0,0,0,0,0,0,1,0,1,0,0,0,0,0,0,0,0,0,0,0,0,0,0,0,0,0,0,0,0,0,0,0
Dorea longicatena,1,1,1,1,1,0,1,1,0,1,0,0,1,1,0,0,0,0,0,0.67,0,0.33,0,0,0,0.33,0.67,0,0,1,0,0,0.33,0,0,0,0,0.33,0,0,0,0.67,0,0,0,0,0,0,0,0,0,0,0,0,0,0
Phocaeicola plebeius,1,1,1,1,1,1,1,1,0,1,0,1,1,0,1,1,1,1,1,0,1,0,1,1,1,1,0,0,1,0,0,1,0,0,1,0,0,0,1,0,0,0,0,0,0,0,0,0,0,0,0,0,0,0,0,0
Paraprevotella clara,0.2,0.2,1,0.2,1,0,0,0.2,0,0.2,1,1,0.2,0,1,1,1,0,1,0,0,0,0.6,1,1,1,0,0,0,0,0,1,0,0,1,0,0,0,0,0,0,0,0,0,0,0,0,0,0,0,0,0,0,0,0,0
[Eubacterium] siraeum,1,1,0.29,1,0.29,0.29,1,0.29,0,0.29,0.29,0,0.29,0.58,0,0.29,0,0,0.12,0.29,0,0,0,0,0,0,0.29,0,0,0,0,0,0,0,0.29,0,0,0,0,0.29,0.29,0,0.29,0,0,0,0,0,0,0,0.29,0,0,0,0,0
Hungatella xylanolytica,1,1,0,1,1,1,1,0,0,0,0,1,1,1,1,1,0,0,1,0,1,0,1,0,0,0,0,1,0,0,0,0,0,0,0,0,0,1,1,0,0,0,0,0,0,0,0,0,0,0,0,0,0,0,0,0
Dialister propionicifaciens,0,0,0,0,0,0,0,0,0.12,0,0,0,0,0,0,0,0,0,0,0,0,0,0,0,0,0,0,0,0,0,0,0,0,0,0,0,0,0,0,0,0,0,0,0,0,0,0,0,0,0,0,0,0,0,0,0
Ruminococcoides bili,1,1,0,1,0,0,0,0,0,0,0,0,0,0,0,0,0,0,0,0,0,0,0,0,0,0,0,0,0,0,0,0,0,0,0,0,0,0,0,0,0,0,0,0,0,0,0,0,0,0,0,0,0,0,0,0
Eubacterium coprostanoligenes,0,1,0,0,1,0,0,0,0,0,0,0,0,0,0,0,0,0,0,0,0,0,0,0,0,0,0,0,0,0,0,0,0,0,0,0,0,1,0,0,0,0,0,0,0,0,0,0,0,0,0,0,0,0,0,0
Blautia obeum,0.75,0,1,0.75,0,0.5,1,0.5,0.75,0,0,0.75,0.5,0.25,1,0,0,0.5,1,0,0,1,0,0,0.5,0,0.75,1,1,0.75,0,0,1,0,0.5,0,0,0,0,0,0,0,0,0,0,0,0,0,0,0,0,0.75,0,0,0,0
Hungatella hathewayi/xylanolytica,1,1,0,1,1,1,1,0,0,0,0,1,1,1,1,1,0,0,1,0,1,0,1,0,0,0,0,1,0,0,0,0,0,0,0,0,0,1,1,0,0,0,0,0,0,0,0,0,0,0,0,0,0,0,0,0
Parasutterella excrementihominis,0,0,0,0,0,0,0,0,0,0,0,0,0,0,0,0,0,0,0,0,0,0,0,0,0,0,0,0,0,0,0,0,0,0,0,0,0,0,0,0,0,0,0,0,0,0,0,0,0,0,0,0,0,0,0,0
Muribaculum intestinale,0.5,1,1,0,1,0,0,1,0,1,0,1,1,0,1,0,1,0,0,0,0,0,1,1,0,0,0,0,0,0,0,0,0,0,0,0,0,0,0,0,0,0,0,0,0,0,0,0,0,0,0,0,0,0,0,0
Romboutsia timonensis,1,1,0,1,0,0,1,1,1,0,0,0,0,0,0,0,1,0,0,0,0,0,0,1,1,0,0,0,0,0,0,0,0,0,0,0,0,1,0,0,1,0,1,0,0,0,0,0,0,0,0,0,0,0,0,0
Phocaeicola coprocola,1,1,1,1,1,1,1,1,0,0,0,1,1,0,1,1,0,1,0,0,1,0,1,1,0,0,0,0,1,0,0,0,0,0,0,0,0,0,1,0,0,0,0,0,0,0,0,0,0,0,0,0,0,0,0,0
Bacteroides eggerthii,1,0,1,1,1,0,0,0,0,1,0,1,0,0,1,1,1,0,1,0,1,0,1,1,0,1,0,0,1,0,0,1,0,0,0,1,0,0,1,0,0,0,0,0,0,0,0,0,0,0,0,0,0,0,0,0
Eubacterium ruminantium,1,0,0,1,0,0,0,0,0,0,0,1,0,0,0,0,0,0,0,0,0,0,0,0,0,0,0,0,0,0,0,0,0,0,0,0,0,1,0,0,0,0,0,0,0,0,0,0,0,0,0,0,0,0,0,0
Haemophilus parainfluenzae,1,1,1,0,1,1,0,1,0,1,0.8,0,0,0,0.2,0,0,0,0,0,0,0,0,0,0,0,0,0,0,0.2,0,0,0,0,0,0,0,0,0,0.2,0,0,0,0,0,0,0,0,0,0,0,0,0,0,0,0
Anaerostipes caccae/Frisingicoccus caecimuris/Parasporobacterium paucivorans/Eisenbergiella massiliensis/[Clostridium] polysaccharolyticum/[Ruminococcus] gnavus/Anaerobium acetethylicum/Enterocloster lavalensis/Coprococcus eutactus/Lactobacillus rogosae/Lachnospira multipara/Eubacterium ruminantium/Eubacterium ventriosum/Herbinix luporum/[Clostridium] fimetarium/Eisenbergiella tayi/Anaerostipes butyraticus/Lachnospira eligens/[Clostridium] populeti/Enterocloster asparagiformis/Lachnotalea glycerini/Anaerosporobacter mobilis/Eubacterium uniforme,0.81,0.64,0.45,0.55,0.55,0.74,0.74,0.54,0.19,0.27,0.26,0.36,0.09,0.46,0,0,0.27,0.1,0,0.19,0.37,0.27,0.55,0.27,0.27,0.1,0.27,0.09,0.09,0.35,0.26,0,0.26,0.19,0.27,0,0.35,0.53,0,0.1,0,0,0.27,0.26,0.09,0.36,0,0.26,0.26,0,0,0,0,0,0,0
[Ruminococcus] torques,0,1,0.25,0,0.99,0,0.99,0.01,0,0,0.01,0,0,0,0,0,0,0.99,0.01,0.75,0,0.99,0,0,0,0,0.99,0,0,0,0,0,0,0,0,0,0.75,0,0,0,0.99,0.01,0,0,0,0,0.99,0,0,0,0,0,0,0,0,0
Prevotella buccae/Prevotella marshii/Prevotella shahii/Prevotella enoeca/Marseilla massiliensis/Prevotella timonensis/Prevotella stercorea/Prevotella paludivivens/Prevotella bryantii/Prevotella copri/Prevotella saccharolytica/Prevotella ihumii/Prevotellamassilia timonensis/Prevotella oralis/Prevotella oris/Metaprevotella massiliensis,1,1,1,1,1,0,1,1,0,0,0,1,1,0,1,0,1,0,0,0,1,0,1,1,0,0,0,0,1,0,0,1,0,0,0,0,0,0,0,0,0,0,0,0,0,0,0,0,0,0,0,0,0,0,0,0
Alistipes shahii,1,0,1,1,1,1,0,0,0.11,0,0,0,0,0,0,0.89,0.11,1,0,0,0,0,0.11,0.11,0,0,0,0,0.89,0,0,0,0,0,0,0.89,0,0,0,0,0,0,0,0,0,0,0,0,0,0,0,0,0,0,0,0
Mediterraneibacter faecis,1,1,1,1,0,1,1,1,0,0.17,0.45,0.83,1,1,0,0,0,0,0,0,0.83,0,0,0,1,0,1,0.28,0.55,0,0,0,0.45,0,0.55,0,1,1,0,0,0,0,0,0,0.28,0,0,0,0,0,0,0,0,0,0,0
Sporobacter termitidis,0,0,0,0,0,0,0,0,0,0,0,0,0,0,1,0,0,0,0,0,0,0,0,0,0,0,0,0,0,0,0,0,0,0,0,0,0,0,0,0,0,0,0,0,0,0,0,0,0,0,0,0,0,0,0,0
Bifidobacterium callitrichidarum/catenulatum/gallicum/pseudocatenulatum,1,1,1,1,0,0,0.08,1,0.33,0.08,0,0.92,1,0.92,0,0.25,0,0.58,0.25,0,0,0,0,0,0,0.92,0.25,0.92,0,0,0,0.42,0.92,0.42,0,0,0,0.92,0,0,0,0,0,0,0,0,0,0,0,0,0,0.92,0,0.92,0,0.58
Roseburia faecis/[Eubacterium] rectale/Acetivibrio ethanolgignens,1,1,0.67,1,1,0.83,1,0,0,0,0,1,1,0.83,0,0.33,0,0.33,0,0,0.17,0.67,0.17,0,0,0.33,1,0.83,0,0.5,0,0,0.83,0,0,0,0.17,1,0,0,0,0,0,0,0,0,0,0,0.17,0,0,0,0,0,0.33,0
Agathobaculum butyriciproducens/Butyricicoccus faecihominis,0,0,0.5,0,0,0,1,1,0,0,0.5,0,0,0,0,0,0.5,0,0,0.5,0,0,0,0.5,0,0,0,0,0,0.5,0,0,0,0,0,0,0,0,0,1,0.5,0,0,0,0,0,0,0,0,0,0,0,0,0,0,0
Lachnoanaerobaculum saburreum/Lachnoanaerobaculum orale/Sporobacter termitidis/Lachnoanaerobaculum umeaense/Acetivibrio straminisolvens/Acetivibrio cellulolyticus/Flintibacter butyricus,0,0,0,0,0,0,0,0,0,0,0,0,0,0,1,0,0,0,0,0,0,0,0,0,0,0,0,0,0,0,0,0,0,0,0,0,0,0,0,0,0,0,0,0,0,0,0,0,0,0,0,0,0,0,0,0
Streptococcus salivarius/thermophilus/vestibularis,1,1,1,0.78,0.11,1,1,1,0,0.11,0.89,0.11,0.11,0.78,0.11,0.11,0.11,0.11,0,0.78,0.11,0,0.11,0.11,0.11,0.11,0,0.11,0.11,0,0.11,0.11,0.11,0,0.11,0,0,0,0.11,0,0,0,0,0,0,0,0,0,0,0,0,0,0,0,0,0
Merdimonas faecis/Hungatella effluvii,0,1,0,0,0,0,0,1,0,0,1,0,0,0,0,0,0,0,1,1,0,0,0,0,0,0,0,0,0,0,0,0,0,0,0,0,0,0,0,0,0,1,0,0,0,0,0,0,0,0,0,0,0,0,0,0
Clostridium disporicum/saudiense,1,1,1,1,0.5,1,1,1,0.5,0.5,0,0.5,0,0,0,0.5,0,0,0,1,0,0.5,0,0,0.5,0.5,0,0,0,0,0.5,0,0,0,0,1,0,0.5,0,0.5,0.5,0,0,0,0,0,0.5,0,0,0,0,0,0,0,0,0
Ruminococcus callidus,0,0,1,0,0,0,0,1,0,0,0,0,1,1,0,1,0,0,0,0,0,0,0,0,0,0,1,0,0,0,0,0,0,0,0,0,0,0,1,0,0,0,0,0,0,0,0,0,0,0,0,0,0,0,0,0
Roseburia hominis,1,1,0,1,1,1,1,0,0,0,0,1,0,1,0,1,1,0,0,0,1,0,1,1,0,1,0,0,0,1,0,0,0,0,0,0,0,1,0,0,0,0,1,0,0,0,0,0,0,0,0,0,0,0,0,0
Holdemanella biformis,0.73,0.73,1,0.51,1,0.51,0.49,0.73,0,0,0.49,0.51,0.51,0.79,0.51,0.51,0.51,0,0,0,0.51,0.49,0.51,0.51,0,0.51,0,0.51,0.51,0,0.49,0.51,0,0,0,0.21,0.27,0,0.51,0.21,0.27,0,0,0,0,0,0,0,0,0,0,0,0,0,0,0
Coprococcus comes,1,1,1,1,1,1,0,1,0,0,0,1,1,1,0,0,0,0,1,0,0,0,0,0,0,0,1,1,0,0,0,0,1,0,0,0,0,1,0,0,0,0,0,0,0,0,0,0,0,0,0,0,0,0,0,0
Prevotellamassilia timonensis,1,1,1,1,1,0,0,1,0,1,0,0,1,0,0,0,0,0,0,0,0,0,0,0,0,0,0,0,0,0,0,0,0,0,0,0,0,0,0,0,0,0,0,0,0,0,0,0,0,0,0,0,0,0,0,0
Ruminiclostridium cellobioparum/Ruminiclostridium josui/Acetivibrio clariflavus/Ruminiclostridium cellulolyticum/Ruminiclostridium hungatei/[Clostridium] viride/Sporobacter termitidis/Ruminiclostridium sufflavum/Flintibacter butyricus,0,0.33,0.33,0,0.33,0.33,0,0,0,0.33,0,0.33,0.33,0,0.67,0,0,0.33,0,0,0,0.33,0,0,0,0,0.33,0,0,0,0,0,0.33,0,0,0,0,0,0,0,0,0,0,0,0,0,0,0,0,0,0,0,0,0,0,0
Lachnospira pectinoschiza/Cuneatibacter caecimuris,0,1,0,0,0,0,0,0,0,0,0,0,0,0,0,0,0,0,0,0,1,0,1,0,0,0,0,0,0,0,0,0,0,0,0,0,0,0,0,0,0,0,0,0,0,1,0,0,0,0,0,0,0,0,0,0
Lacrimispora xylanolytica/Faecalimonas umbilicata/Lacrimispora sphenoides/Lacrimispora algidixylanolytica/Lacrimispora celerecrescens,0.83,1,0.17,0.83,0.83,0.83,0.83,0.17,0.33,0.33,0.17,0,0.67,0.67,0.17,0.17,0.5,0.67,0.33,0.17,0,0.67,0.17,0,0.83,0.17,0.83,0.17,0.17,0.17,0,0.17,0,0,0.83,0.17,0.17,0.17,0,0.17,0,0,0.17,0,0.17,0,0,0,0,0,0,0,0,0,0,0
Pseudescherichia vulneris/Shigella sonnei/Escherichia marmotae/Shigella flexneri/Shigella boydii/Escherichia coli/Pectobacterium carotovorum/Escherichia fergusonii/Shigella dysenteriae,1,1,1,0.95,1,1,0.95,0.57,1,1,1,0.9,0,0.9,0.95,0.19,1,0.95,1,1,0,0,0.1,1,0.9,0,0,0,1,0.1,0.9,0.95,0.9,1,0,1,0.33,0.67,0,0,0.95,0.9,0,0.9,0.33,0.9,0.95,0,0,0.1,0.57,0,0.1,0,0,0
Lawsonibacter asaccharolyticus/Ruminiclostridium josui/Ruminiclostridium cellulolyticum/Sporobacter termitidis/Acetivibrio straminisolvens/Acetivibrio cellulolyticus/Flintibacter butyricus/Colidextribacter massiliensis,0,0.5,0.5,0,0.5,0.5,0,0,0,0.5,0,0.5,0.5,0,1,0,0,0.5,0,0,0,0.5,0,0,0,0,0.5,0,0,0,0,0,0.5,0,0,0,0,0,0,0,0,0,0,0,0,0,0,0,0,0,0,0,0,0,0,0
Alistipes finegoldii,1,0,1,1,1,0,0,0,1,0,1,1,0,0,1,1,0,0,0,0,0,0,0,0,0,0,0,0,0,0,1,0,0,0,0,0,0,0,0.5,0,0,0,0,0,0,0,0,0,0,0,0,0,0,0,0,0
Prevotella stercorea,0.93,1,0.93,0.93,0.93,0.23,0.49,1,0,0.93,0,0,1,0.23,0,0,0,0.23,0,0,0,0,0,0,0.77,0.72,0,0.23,0,0,0.79,0,0,0,0.77,0,0,0,0,0,0,0,0,0,0,0,0,0,0,0,0,0,0,0,0,0
Bilophila wadsworthia,0,0,0,0,0,0,0,0,0,0,0,0,0,0,0,0,0,0,0,0,0,0,0,0,0,0,0,0,0,0,0,0,0,0,0,0,0,0,0,0,0,0,0,0,0,0,0,0,0,0,0,0,0,0,0,0
Lachnospira pectinoschiza,0.75,1,0,0.75,0,0,0,0,0,0,0,0,0,0.5,0,0,0.25,0,0,0,0.25,0,0.76,0.25,0,0,0,0,0,0,0,0,0,0.25,0,0,0,0.5,0,0,0,0,0,0,0,0.76,0,0,0,0,0,0,0,0,0,0
[Ruminococcus] gnavus,1,1,1,1,0,1,1,1,1,0.43,0.57,0.62,1,0.43,0,0.19,1,0.19,0,0,1,1,1,1,1,0,1,1,0.62,0.43,0,0,0,0,1,0,0.62,0.38,0.19,0,0,0,1,0,0.43,0.24,0,0,0.19,0,0,0,0,0,0,0
Sutterella wadsworthensis,0.6,0.6,0.6,0.6,0.6,0.6,0.2,0.6,0,0.6,0,0.6,0.6,0.2,0.6,0.6,0.6,0.6,0,0,0.4,0,0.6,0.2,0.6,0.6,0,0.2,0.4,0,0.2,0.6,0,0,0.6,0,0,0,0.6,0,0,0,0,0,0,0,0,0,0,0,0,0,0,0,0,0
Parasporobacterium paucivorans,0,0,0,0,0,0,0,0,0,0,0,0,0,0,0,0,0,0,0,0,0,0,0,0,0,0,0,0,0,0,0,0,0,0,0,0,0,0,0,0,0,0,0,0,0,0,0,0,0,0,0,0,0,0,0,0
Sutterella massiliensis/stercoricanis,0,0,0,0,0,0,0,0,0,0,0,0,0,0,0,0,0,0,0,0,0,0,0,0,0,0,0,0,0,0,0,0,0,0,0,0,0,0,0,0,0,0,0,0,0,0,0,0,0,0,0,0,0,0,0,0
Veillonella dispar/infantium,0,0.91,0,0,0,0,0,0,0.91,0,0,0,0,0,0,0,0,0,0,0,0,0,0,0,0.01,0,0,0,0,0,0,0,0,0,0,0,0,0,0,0,0,0,0,0,0,0,0,0,0,0,0,0,0,0,0,0
[Ruminococcus] lactaris,0,1,1,0,1,1,0,0,0,0,0,0,0,1,0,0,0,1,0,0,0,1,0,0,0,0,0,0,0,0,0,0,1,0,0,0,1,0,0,0,0,0,0,0,0,0,0,0,0,0,0,0,0,0,0,0
Bacteroides finegoldii,1,1,1,1,1,1,0,1,0,0,1,1,1,1,1,1,1,1,1,0,1,0,1,1,1,1,0,1,1,0,0,0,0,0,1,0,0,0,0,0,0,0,0,0,0,0,0,0,0,0,0,0,0,0,0,0
Bacteroides fluxus/rodentium/uniformis,1,0.9,1,1,1,1,0.9,0.9,0.8,0.9,0.1,1,0.9,0.1,1,1,1,1,0.9,0,0.8,0,0.7,1,0.7,0.9,0,0.1,0.8,0,0,1,0,0,0.7,1,0,0,0.9,0,0,0,0,0,0,0,0,0,0,0,0,0,0,0,0,0
Intestinibacter bartlettii,1,1,1,1,0,0,1,1,1,0,0,0,1,0,0,0,0,0,0,0,0,0,0,0,0,0,0,0,0,0,1,0,1,0,0,0,0,0,0,0,0,0,0,0.5,0,0,0,0.5,0,0,0,0,0,0,0,0
Lachnoclostridium pacaense/Fusicatenibacter saccharivorans/Lacrimispora indolis/Faecalimonas umbilicata/Kineothrix alysoides,0.71,0.76,0.76,0.47,0.82,0.41,0.53,0.24,0.76,0.65,0.47,0.24,0.59,0.24,0.24,0.18,0.35,0.59,0.71,0.41,0.06,0.59,0.18,0.18,0.29,0.29,0.35,0.35,0.06,0.41,0.41,0.18,0.06,0.35,0.18,0.12,0.35,0.06,0,0.12,0,0.06,0.18,0.12,0,0,0,0,0,0,0.06,0,0,0,0,0
Catenibacterium mitsuokai,0.5,1,0.5,0,1,0.5,1,1,0,0,1,0,0,0.5,0,0.5,0,0,0,1,0,0,0,0,0,0,0,0,0,0,0,0,0,0,0,0,1,0.5,0,0,0,0,0,0,0,0,0,0,0,0,0,0,0,0,0,0
Bacteroides intestinalis,1,1,1,1,1,1,1,1,1,0,0,1,1,0,1,1,1,1,1,0,1,0,1,1,1,1,0,0,1,0,0,1,0,0,1,1,0,0,1,0,0,0,0,0,0,0,0,0,0,0,0,0,0,0,0,0
Collinsella aerofaciens,1,1,1,0.67,0.33,0.67,1,1,0,1,1,0,0,1,0,0,0,0,0,0,0,0,0.33,0,0,0,0,0,0,0,0,0,0.33,0,0,1,1,0,0,0.33,1,0,0,0,0,0,1,0,1,0,0,0,0,0,0,0
Dysosmobacter welbionis,0,0,0,0,0.98,0,0.98,0,0.98,0,0,0,0,0,1,0,0,0,0.02,0,0,0,0,0,0,0,0,0,0,0,0,0,0,0,0,0,0,0,0,0,0,0,0,0,0,0,0,0,0,0,0,0,0,0,0,0
Dorea formicigenerans,1,0.6,0,1,0.8,0,0,0,0.8,0.2,0.2,0,0.8,1,0,0,0.4,0.2,0.2,0,0,1,0,0.6,0,0,0,0,0,0,0,0,0,0,0,0,0,0,0,0.8,0,0,0,0,0,0,0,0,0,0,0,0,0,0,0,0
Finegoldia magna,0.17,1,0,0.17,0,0,0,0,0,0,0,0,0,0,0,0,0,0,0,0,0,0,0,0,0.17,0,0,0,0,0,0,0,0,0,0,0,0,0,0,0,0,0,0,0,0,0,0,0,0,0,0,0,0,0,0,0
Raoultella planticola/Citrobacter koseri,1,1,1,1,1,1,1,0.25,1,1,1,0.25,0,0.25,1,0,1,1,1,1,0.75,0,0,1,0.75,0.75,0,0,1,0.75,1,0.25,1,1,0,1,0.25,0,0,0,0.5,1,0,0.75,0.25,0.25,0.25,0,0,1,0.75,0,0.75,0,0,0
Mediterraneibacter glycyrrhizinilyticus/Falcatimonas natans/Enterocloster clostridioformis/Enterocloster bolteae/Lachnoclostridium pacaense/Fusicatenibacter saccharivorans/[Clostridium] methoxybenzovorans/Lacrimispora indolis/[Ruminococcus] lactaris/Enterocloster citroniae/Murimonas intestini/Lacrimispora amygdalina/Blautia argi/Muricomes intestini/Faecalicatena orotica,0.87,0.67,0.87,0.67,0.8,0.93,0.8,0.67,0.8,0.67,0.73,0.6,0.27,0.67,0.6,0.53,0.6,0.67,0.73,0.73,0.73,0.73,0.6,0.6,0.6,0.13,0.53,0.47,0.6,0.47,0.13,0.2,0.27,0,0.13,0.53,0.33,0.47,0,0.13,0,0.53,0.53,0,0.07,0.2,0,0,0,0,0,0,0,0,0,0
Butyrivibrio crossotus,1,1,0,1,0,0,0,0,0,0,0,0,0,1,0,0,0,0,0,0,0,0,0,0,0,0,0,0,0,0,0,0,0,0,0,0,0,0,0,0,0,0,0,0,0,0,0,0,0,0,0,0,0,0,0,0
Lachnoclostridium pacaense/Lacrimispora indolis/Merdimonas faecis/Lacrimispora amygdalina/[Clostridium] methoxybenzovorans,1,0.5,1,0.5,0.83,0.67,1,0.33,0.83,0.33,0.83,0.5,0.33,0,0.67,0.17,0.33,0.17,1,1,0.33,0.17,0.5,0.33,0,0.5,0.5,0.33,0.17,0.5,0.5,0.5,0,0.33,0,0.5,0.17,0,0,0.33,0,0.17,0.33,0.33,0,0,0,0.17,0,0,0,0,0,0,0.17,0
Lachnoclostridium pacaense/Fusicatenibacter saccharivorans/Lacrimispora indolis/[Clostridium] hylemonae/Kineothrix alysoides,1,0.6,0.9,0.6,0.8,0.6,0.7,0.5,0.8,0.5,0.9,0.5,0.3,0.1,0.5,0.4,0.3,0.2,0.6,0.7,0.2,0.3,0.3,0.3,0.2,0.5,0.3,0.3,0.1,0.3,0.2,0.3,0.1,0.1,0,0.2,0.1,0,0,0.2,0,0.1,0.3,0.2,0,0,0,0,0,0,0.1,0,0,0,0,0
Rothia mucilaginosa,1,1,1,0,0,0,1,1,0,0,0.82,0,0,0.89,0,0,0,0,0,0,0,0,0,0,0,0,0,0,0,0,0,0,0,0,0,0,0,0,0,0,0,0,0,0,0,0,0,0,0,0,0,0,0,0,0,0
Oribacterium sinus/Enterocloster clostridioformis/Lachnoclostridium pacaense/Enterocloster bolteae/Lacrimispora indolis/Enterocloster citroniae/Lacrimispora amygdalina/[Clostridium] methoxybenzovorans/Lacrimispora sphenoides/Enterocloster aldenensis/Lacrimispora celerecrescens,1,0,1,1,1,0,0,0,1,0,0,0,0,0,0,0,0,0,0,0,0,0,0,0,0,0,0,0,0,0,0,0,0,0,0,0,0,0,0,0,0,0,0,0,0,0,0,0,0,0,0,0,0,0,0,0
Phocaeicola coprophilus,1,1,1,1,1,1,0,1,0,1,0,0,1,0,0,1,0,1,0,0,0,0,0,0,1,0,0,0,0,0,0,0,0,0,1,0,0,0,0,0,0,0,0,0,0,0,0,0,0,0,0,0,0,0,0,0
Prevotella corporis,1,0,1,1,0,0,0,0,0,0,0,0,0,0,0,0,0,0,0,0,0,0,0,0,0,0,0,0,0,0,0,0,0,0,0,0,0,0,0,0,0,0,0,0,0,0,0,0,0,0,0,0,0,0,0,0
Bacteroides salyersiae,1,0.12,1,1,1,1,0,1,0,1,0,1,1,0,1,1,1,1,1,0,1,0,1,1,1,1,0,0,1,0,0,1,0,0,1,1,0,0,1,0,0,0,0,0,0,0,0,0,0,0,0,0,0,0,0,0
Fusicatenibacter saccharivorans/Faecalicatena orotica/Lachnobacterium bovis,1,1,1,1,0.25,0.25,0.5,1,0,0,1,0.25,0.5,0.25,0,0.25,0,0,0.25,0,0.25,0,0,0,0,0.75,0,0.25,0,0,0,0,0,0,0,0,0,0.75,0,0,0,0,0,0,0,0,0,0,0,0,0,0,0,0,0,0
Ruminococcus champanellensis/Ruminococcus callidus/Solibaculum mannosilyticum,0,0.25,0.5,0,0,0,0,0,0,0,0,0,0,0,0,0,0,0,0,0.25,0,0,0,0,0,0,0,0,0,0,0,0,0,0,0,0,0,0,0,0,0,0,0,0,0,0,0,0,0,0,0,0,0,0,0,0
Alistipes communis,0,0,1,0,1,0,0,0,1,0,0,0,0,0,0,0,0,0,0,0,1,0,0,0,0,0,0,0,1,0,1,0,0,0,0,0,0,0,0,0,0,0,0,0,0,0,0,0,0,0,0,0,0,0,0,0
Eubacterium ventriosum,0,1,1,0,1,1,1,0,1,0,0,0,0,1,0,0,0,0,0,0,0,0,0,0,0,0,0,0,0,0,0,0,0,0,0,0,0,0,0,0,0,0,0,0,0,0,0,0,0,0,0,0,0,0,0,0
Butyribacter intestini,0.93,0.94,0.22,0.93,1,0.77,0.94,0.27,0,0.06,0,0.87,0.59,0.96,0,0.71,0.51,0.38,0,0,0.41,0.59,0.55,0.51,0.07,0.71,0.49,0.55,0,0.45,0,0,0.42,0,0.07,0,0.04,0.93,0.41,0,0,0,0.1,0,0,0,0,0,0.04,0,0,0,0,0,0.2,0
Blautia faecicola,0.51,0,1,0.51,0.49,0.51,0,0.51,0.51,0,0,0,0.49,1,0.51,0,0,0,0.51,0,0,0.51,0,0,0.49,0,1,0.49,0,0.51,0,0.51,0.51,0,1,0,0.51,0,0,0,0,0,0,0,0,0,0,0,0,0,0,0.51,0,0,0,0
Flavonifractor plautii,0,0,0,0,0,0,0,0,1,1,0,0,0,0,0,0,0,0,0,0,0,0,0,0,0,0,0,0,0,1,0,0,1,0,0,0,0,0,0,0,0,0,0,0,0,0,0,0,0,0,0,0,0,0,0,0
Acutalibacter muris/Caproicibacterium amylolyticum/[Clostridium] leptum,0,1,0,0,0,0,0,0,0,0,0,0,0,0,0,0,0,0,0,0,0,0,0,0,0,0,0,0,0,0,0,0,0,0,0,0,0,0,0,0,0,0,0,0,0,0,0,0,0,0,0,0,0,0,0,0
Subdoligranulum variabile,1,1,1,1,1,1,1,1,1,0,0,1,1,0,1,0,1,1,1,0,0,1,0,0,0,0,1,1,0,0,0,0,0,0,0,0,0,0,0,0,0,0,0,0,0,0,0,0,0,0,0,0,0,0,0,0
Streptococcus australis/parasanguinis/rubneri,1,1,1,1,1,1,0.67,1,0,1,1,0,0.11,1,0,1,0,0,0,0.33,0,0,0,0,0,0,0.67,0,0,0,0,0,0,0,0,0,0,0,0,0,1,0,0,0,0,0,0,0,0,0,0,0,0,0,0,0
Clostridium celatum/chauvoei/disporicum/quinii/sartagoforme/saudiense/septicum/tertium,0.83,1,1,0.83,0.5,0.83,1,0.67,0.5,0.5,0.33,0.17,0,0,0,0.5,0,0.17,0,1,0,0.33,0,0,0.17,0.17,0,0.33,0,0.17,0.5,0.17,0,0,0,1,0,0.17,0,0.67,0.5,0.17,0.33,0.17,0,0,0.33,0.17,0,0,0,0,0,0,0,0
Megasphaera elsdenii,0,1,1,0,0,0,0,0,0,0,0,0,0,0,0,0,0,0,0,0,0,0,0,1,0,0,0,0,0,0,1,0,0,1,0,1,0,0,0,0,0,0,0,0,0,0,0,0,0,0,0,0,0,0,0,0
Flintibacter butyricus,0,0.7,0.7,0,0.83,0.69,0,0,0.17,1,0,0.69,0.69,0,0.69,0,0,0.69,0,0,0,0.82,0,0,0,0,0.69,0,0,0.17,0,0,0.87,0,0,0,0.13,0,0,0,0,0,0,0,0.09,0,0,0,0,0,0,0,0,0,0,0
Neglectibacter timonensis/Acutalibacter muris,0,0,0,0,0,0,0,0,0.33,0,0,0.33,0,0,0,0,0,0,0,0,0,0,0,0,0,0,0,0,0,0,0,0,0,0,0,0,0,0,0,0,0,0,0,0,0,0,0,0,0,0,0,0,0,0,0,0
Coprococcus catus,1,1,1,1,0,0,0,0,0,0,0,0,0,0,0,0,0,0,1,0,0,0,0,0,0,0,0,0,0,0,1,0,0,0,0,0,1,0,0,0,0,0,0,0,1,0,0,0,0,0,0,0,0,0,0,0
Odoribacter splanchnicus,0,0,0,0,1,1,0,0,0,0,0,0,0,0,0,1,0,1,1,0,0,0,0,0,0,1,0,0,0,0,0,0,0,0,0,0,0,0,0,0,0,0,0,0,0,0,0,0,0,0,0,0,0,0,0,0
Anaerotaenia torta/Variimorphobacter saccharofermentans/Acetivibrio ethanolgignens,0.81,0.88,0.5,0.81,0.88,0.81,0.75,0.25,0.06,0.13,0.06,0.69,0.5,0.88,0.06,0.5,0.31,0.38,0,0.06,0.31,0.56,0.44,0.31,0.13,0.44,0.5,0.5,0,0.31,0,0.06,0.5,0.06,0.13,0,0.13,0.69,0.31,0,0.06,0.06,0.06,0,0,0,0,0,0.06,0,0,0,0,0,0.13,0
Ruthenibacterium lactatiformans,1,0,0,1,0.67,0.67,1,0,0,1,0,0,0,0,0,0,0.67,1,0,0,0.67,1,0,0.67,0,0,0,0,0,0.67,0,0,0,0,0,0.67,0,0.33,0,0,0,0,0.33,0,0,0.33,0,0,0,0,0,0,0,0,0,0
Ruminococcus callidus/champanellensis,0,0.01,0.99,0,0,0,0,0.33,0,0,0,0,0.33,0.33,0,0.33,0,0,0,0,0,0,0,0,0,0,0.33,0,0,0,0,0,0,0,0,0,0,0,0.33,0,0,0,0,0,0,0,0,0,0,0,0,0,0,0,0,0
Hungatella hathewayi/Falcatimonas natans/Lacrimispora xylanolytica/Lachnoclostridium pacaense/Blautia schinkii/Lacrimispora celerecrescens/[Ruminococcus] lactaris/Acetivibrio ethanolgignens/Hungatella effluvii/Anaerobium acetethylicum/Blautia luti/Blautia faecis/Kineothrix alysoides/Lacrimispora sphenoides/Blautia caecimuris/Lacrimispora algidixylanolytica/Lacrimispora saccharolytica,0.46,0.92,0.38,0.46,0.54,0.46,0.46,0.69,0.46,0.38,0.54,0.38,0.46,0.15,0.46,0.46,0.23,0.38,0.23,0.46,0.31,0.77,0.31,0.23,0.08,0.46,0.38,0.38,0.54,0.08,0,0.62,0.46,0.23,0.23,0.23,0.38,0.08,0,0.15,0,0,0.08,0,0.08,0.23,0,0,0,0,0.08,0.08,0,0,0,0
Neisseria cinerea/perflava/subflava,0.83,0,0,0,0,0,0,0,0,0,0,0,0,0,0,0,0,0,0,0,0,0,0,0,0,0,0,0,0,0,0,0,0,0.67,0,0,0,0,0,0,0,0,0,0,0,0,0,0,0,0,0,0,0,0,0,0
Phascolarctobacterium succinatutens,0,1,0,0,0,0,0,0,1,0,0,0,0,0,0,0,0,0,0,0,0,0,0,0,0,0,0,0,0,0,0,0,0,0,0,0,0,0,0,0,0,0,0,0,0,0,0,0,0,0,0,0,0,0,0,0
Prevotella buccalis,1,0,1,1,1,1,1,0,0,1,0,0,0,0,0,1,0,1,0,0,0,0,0,0,0,0,0,0,0,0,0,0,0,0,0,0,0,0,1,0,0,0,0,0,0,0,0,0,0,0,0,0,0,0,0,0
Oribacterium sinus/Enterocloster clostridioformis/Lachnoclostridium pacaense/Enterocloster bolteae/Lacrimispora indolis/Lachnoanaerobaculum umeaense/Lacrimispora amygdalina/[Clostridium] methoxybenzovorans,1,0,1,1,1,0,0,0,1,0,0,0,0,0,0,0,0,0,0,0,0,0,0,0,0,0,0,0,0,0,0,0,0,0,0,0,0,0,0,0,0,0,0,0,0,0,0,0,0,0,0,0,0,0,0,0
Bacteroides clarus,1,1,1,1,1,1,0,1,0,1,0,1,1,0,1,1,1,1,0,0,1,0,1,1,0,0,0,0,1,0,0,0,0,0,0,1,0,0,1,0,0,0,0,0,0,0,0,0,0,0,0,0,0,0,0,0
Prevotella melaninogenica,1,0.75,1,1,1,1,0,0.75,0,1,0,0,0.75,0,0,0,0,1,0,0,0,0,0,0,0,0,0,0,0,0,0,0,0,0,0,0,0,0,0,0,0,0,0,0,0,0,0,0,0,0,0,0,0,0,0,0
Negativibacillus massiliensis,0,1,0,0,1,1,0,0,0,0,0,0,0,0,0,0,0,0,0,0,0,0,0,0,0,0,0,0,0,0,0,0,0,0,0,0,0,0,0,0,0,0,0,0,0,0,0,0,0,0,0,0,0,0,0,0
Lawsonibacter asaccharolyticus/Oscillibacter valericigenes/Monoglobus pectinilyticus/Sporobacter termitidis/Oscillibacter ruminantium/Flintibacter butyricus,0,0.33,0.33,0,0.67,0.33,0.33,0,0.33,0.33,0,0.33,0.33,0,1,0,0,0.33,0.33,0,0,0.33,0,0,0,0,0.33,0,0,0,0,0,0.33,0,0,0,0,0,0,0,0,0,0,0,0,0,0,0,0,0,0,0,0,0,0,0
Megamonas funiformis,1,1,1,0,0,1,1,1,1,1,1,0.5,0,1,0.5,0,0,0,1,0,0,0,0,0,1,0,0,0,0,1,1,0,1,1,0,1,0,0,0,0,0,0,0,0,0,0,0,0,0,1,0,0,0,0,0,0.5
Ruminococcus champanellensis/Tepidibaculum saccharolyticum/Ruminococcus albus/[Clostridium] methylpentosum/Ruminococcus callidus/Eubacterium coprostanoligenes/Acetanaerobacterium elongatum/Anaerotruncus colihominis/Hydrogenoanaerobacterium saccharovorans/[Clostridium] leptum/Harryflintia acetispora,1,1,1,1,1,1,0,1,0,1,0,1,1,1,1,1,0,1,0,0,0,0,0,0,1,0,0,1,0,0,1,0,0,0,1,0,0,0,1,0,0,0,0,0,0,0,0,0,0,0,0,0,0,0,0,0
Agathobaculum desmolans,0,0,0.03,0,0,0,1,1,0,0,0.97,0,0,0,0,0,0.03,0,0,0.97,0,0,0,0.03,0,0,0,0,0,0.97,0,0,0,0,0,0,0,0,0,1,0.97,0,0,0,0,0,0,0,0,0,0,0,0,0,0,0
Lawsonibacter asaccharolyticus,0.09,0.18,0.11,0.09,0.54,0,0.18,0.02,0.36,0.71,0.09,0,0.02,0.02,0,0.02,0,0.09,0,0.18,0.18,0.45,0,0,0,0,0.02,0.09,0,0.36,0,0,0.36,0,0,0.18,0.36,0,0.02,0,0,0.18,0,0,0.24,0,0,0,0,0,0,0,0,0,0,0
Lawsonibacter asaccharolyticus/Ruminiclostridium papyrosolvens/Ruminiclostridium josui/Ruminiclostridium cellulolyticum/Oscillibacter valericigenes/Sporobacter termitidis/Monoglobus pectinilyticus/Ruminiclostridium sufflavum/Oscillibacter ruminantium/Flintibacter butyricus,0,0,0,0,0.33,0,0.33,0,0.33,0,0,0,0,0,1,0,0,0,0.33,0,0,0,0,0,0,0,0,0,0,0,0,0,0,0,0,0,0,0,0,0,0,0,0,0,0,0,0,0,0,0,0,0,0,0,0,0
Ruminococcus champanellensis/Lawsonibacter asaccharolyticus/Tepidibaculum saccharolyticum/Solibaculum mannosilyticum/Ruminococcus callidus/[Eubacterium] siraeum,0.5,0.5,0.5,0.5,0.13,0.13,0.5,0.25,0,0.13,0.13,0,0.25,0.38,0,0.25,0,0,0.13,0.13,0,0,0,0,0,0,0.25,0,0,0,0,0,0,0,0.13,0,0,0,0.12,0.13,0.13,0,0.13,0,0,0,0,0,0,0,0.13,0,0,0,0,0
Anaerotignum faecicola,0,1,0,0,1,0,0,0,1,0,0,0,0,0,0.99,0,0,0,0,0,0,0,0,0,0,0,0,0,0,0,0.99,0,0,0,0,0,0,0,0,0,0,0,0,0,0,0,0,0,0,0,0,0,0,0,0,0
Enterococcus caccae/canis/casseliflavus/crotali/dispar/faecium/gallinarum/haemoperoxidus/hirae/moraviensis/mundtii/olivae/phoeniculicola/ratti/rotai/saccharolyticus/saigonensis/thailandicus/ureilyticus/villorum/wangshanyuanii,1,1,1,1,0.5,1,1,1,1,0,1,0.43,0,0.36,0,1,0.14,0,0.07,1,0.71,0,0.07,0.07,0,0.07,0.07,0,0,0.36,1,0.43,1,0,0,1,1,0,0,0.43,0.93,0,0.57,0.43,0,0,0.57,0.93,0.79,0,0.86,0,0,0,0,0
Parabacteroides goldsteinii,1,1,1,1,1,1,0,1,1,1,1,0.51,1,0,1,1,1,1,0,0,1,0,0.74,1,0,0,0,0,1,0,0,0,0,0,0,0,0,0,0,0,0,0,0,0,0,0,0,0,0,0,0,0,0,0,0,0
Lacrimispora amygdalina/[Clostridium] methoxybenzovorans/Lacrimispora indolis/Lachnoclostridium pacaense,0.84,0.98,0.84,0.66,0.67,0.5,0.68,0.65,0.67,0.33,0.67,0.66,0.49,0,0.66,0.33,0.65,0.33,0.84,0.68,0.33,0.33,0.66,0.65,0.32,0.82,0.66,0.49,0.17,0.5,0.5,0.5,0.16,0.33,0,0.5,0.33,0.16,0,0.33,0,0.17,0.49,0.33,0,0,0,0.17,0,0,0.16,0,0,0,0.17,0
Porphyromonas bennonis,1,1,1,1,1,1,0,1,0,1,1,1,1,0,1,1,1,1,1,0,1,0,1,1,0,1,0,0,1,0,0,1,0,0,0,0,0,0,0,0,0,0,0,0,0,0,0,0,0,0,0,0,0,0,0,0
Desulfovibrio piger,0,0,0,0,0,0,0,0,0.5,0,0.5,0,0,0,0,0,0,0,0,0,0.5,0,0,0,0,0,0,0,0.5,0,0,0,0,0,0,0,0,0,0,0,0,0,0,0,0,0,0,0,0,0,0,0,0,0,0,0
Enterocloster bolteae/clostridioformis,1,1,1,1,1,1,1,1,1,1,0.9,1,0.6,0.8,1,0.9,1,1,1,1,1,1,1,1,0.9,0.2,1,0.8,0.9,0.9,0.2,0.3,0.3,0,0,1,0.4,0.8,0,0,0,1,1,0,0.1,0.5,0,0,0,0,0,0,0,0,0,0
Anaerotignum lactatifermentans,0,1,0,0,1,0,0,0,1,0,0,0,0,0,1,0,0,0,0,0,0,0,0,0,0,0,0,0,0,0,1,0,0,0,0,0,0,0,0,0,0,0,0,0,0,0,0,0,0,0,0,0,0,0,0,0
Turicibacter sanguinis,1,1,1,1,0,0.67,1,1,0,1,0,0,0,0,0,0,0,0,0,1,0,0,0.67,0,0,0,0.67,0,0,0,0,0,0,0,0,0,0,1,0,0,1,0.33,0,0,0,0,0,1,0,0,0,0,0,0,0,0
Eubacterium ramulus/Roseburia intestinalis,1,1,1,1,0,0,0,0,0,0,0,0,0,1,0,0,0,0,0,0,0,0,0,0,0,0,1,1,0,0,0,0,0,0,0,0,1,0,0,0,0,0,0,0,1,0,0,0,0,0,0,0,0,0,0,0
Hungatella hathewayi/Lachnoclostridium pacaense/Cuneatibacter caecimuris/Hungatella effluvii/Butyrivibrio crossotus,0.82,0.73,0.64,0.45,0.64,0.64,0.73,0.45,0.73,0.73,0.91,0.45,0.18,0.09,0.18,0.45,0.45,0.45,0.64,0.82,0.36,0.45,0.45,0.45,0.18,0.55,0.45,0.45,0,0,0,0.18,0.09,0.27,0.18,0.18,0.36,0,0,0.09,0,0.09,0.09,0,0,0.36,0,0,0,0,0.18,0,0,0,0,0
Alistipes inops/Tidjanibacter massiliensis,0,0,1,0,0,0,0,0,0,0,0,0,0,0,0,0,0,0,0,0,0,0,0,0,0,0,0,0,0,0,0,0,0,0,0,0,0,0,0,0,0,0,0,0,0,0,0,0,0,0,0,0,0,0,0,0
Kineothrix alysoides,1,0,1,1,1,0,0,0,1,0,1,1,0,0,0,1,0,0,0,1,0,0,0,0,0,1,0,0,0,0,0,1,0,0,0,0,0,0,0,0,0,0,0,0,0,0,0,0,0,0,0,0,0,0,0,0
Bacteroides mediterraneensis,1,1,1,1,1,1,0.5,1,0,1,0,0.5,1,0,0.5,1,0.5,1,0.5,0,0.5,0,0.5,0.5,1,0.5,0,0,0.5,0,0,0.5,0,0,1,0,0,0,0.5,0,0,0,0,0,0,0,0,0,0,0,0,0,0,0,0,0
Tyzzerella nexilis,0,1,1,0,1,1,1,1,0,0,1,1,0,1,0,0,0,1,0,0,0,1,0,0,0,0,0,0,0,0,0,1,0,0,0,0,0,1,0,0,0,0,0,0,0,0,0,0,0,0,0,0,0,0,0,0
Caproiciproducens galactitolivorans,0,1,0,0,1,0,1,0,0,0,0,0,0,0,0,0,0,0,1,0,0,0,0,0,0,0,0,0,0,0,0,0,0,0,0,1,1,0,0,1,0,0,0,1,1,0,0,0,0,0,0,0,0,0,0,0
Hungatella effluvii/hathewayi,0.67,1,0,0.67,0.67,0.67,0.67,0.33,0.67,0.67,1,0.67,0.33,0,0,0.67,0.33,0.67,0.67,1,0.33,0.67,0.33,0.33,0,0.67,0.67,0.67,0,0,0,0,0,0.33,0,0,0.33,0,0,0.33,0,0.33,0,0,0,0.33,0,0,0,0,0.33,0,0,0,0,0
Terrisporobacter glycolicus/mayombei/petrolearius,1,1,1,1,0,1,0,0,1,1,1,0,0,0,1,0,0,0,0,0,0,0,0,0,0,0,0,0,0,0,1,0,1,0,0,0,0,0,0,0,0,0,0,1,0,0,0,1,0,0,0,0,0,0,0,0
Flavonifractor plautii/Flintibacter butyricus,0,0.2,0.2,0,0.2,0.2,0,0,0.8,1,0,0.2,0.2,0,0.2,0,0,0.2,0,0,0,0.2,0,0,0,0,0.2,0,0,0.8,0,0,1,0,0,0,0,0,0,0,0,0,0,0,0,0,0,0,0,0,0,0,0,0,0,0
[Clostridium] fimetarium/[Clostridium] hylemonae/Enterocloster lavalensis/Enterocloster asparagiformis/Kineothrix alysoides/Anaerosporobacter mobilis,0.83,0.83,0.5,0.83,0.83,0.67,0.67,0.5,0.67,0.5,0.67,0.33,0.33,0.17,0.33,0.5,0.33,0,0.67,0.67,0.33,0.17,0.5,0.33,0.17,0.17,0.17,0.5,0.33,0.33,0,0.17,0,0.17,0,0.33,0.33,0.17,0.17,0.33,0,0.17,0.33,0,0.33,0,0,0,0.17,0,0,0,0,0,0,0
Acidaminococcus fermentans/Acidaminococcus intestini/Phascolarctobacterium faecium,0.3,0.8,0.4,0.3,0.3,0.3,0.1,0.3,0,0.3,0,0.3,0.3,0.1,0.3,0.3,0.3,0.3,0,0,0.2,0,0.3,0.1,0.3,0.3,0,0.1,0.2,0,0.1,0.3,0,0,0.3,0.4,0,0,0.3,0,0,0,0,0,0,0,0,0,0,0,0,0,0,0,0,0
Anaerocolumna cellulosilytica/Hespellia porcina,0.77,0.85,0.77,0.77,0.31,0.84,0.85,0.77,0.84,0.39,0.31,0.61,0.84,0.46,0.15,0.08,0.46,0.23,0.08,0.23,0.61,0.77,0.46,0.46,0.77,0.15,0.77,0.61,0.54,0.46,0,0.31,0.08,0,0.77,0,0.31,0.23,0.08,0.23,0,0,0.46,0.08,0.23,0.15,0,0,0.08,0,0,0,0,0,0,0
Parabacteroides johnsonii,0.33,0.33,1,0.33,1,1,0.33,0.33,0.67,1,0.33,0.67,0.33,0.33,0.67,0.33,0.67,0.67,0,0.33,0.67,0,0.67,0.67,0,0.67,0.33,0,0.67,0,0,0.67,0,0,0.33,0,0,0,0,0.33,0.33,0,0.33,0,0,0,0,0,0,0,0.33,0,0,0,0,0
Fusobacterium periodonticum,0,1,0,0,1,1,0,0.67,0,0.34,0,0,0,0,0,0,0,0,0,0,0,0,0,0,0,0,0,0,0,0,0,0,0,0,0,0,0,0,0,0,0,0,0,0,0,0,0,0,0,0,0,0,0,0,0,0
Acidaminococcus intestini,0,1,0,0,0,0,0,0,0,0,0,0,0,0,0,0,0,0,0,0,0,0,0,0,0,0,0,0,0,0,0,0,0,0,0,1,0,0,0,0,0,0,0,0,0,0,0,0,0,0,0,0,0,0,0,0
Ruminococcoides bili/Ruminococcus bromii,1,1,0,1,0,0,0,0,0,0,0,0,0,0,0,0,0,0,0,0,0,0,0,0,0,0,0,0,0,0,0,0,0,0,0,0,0,0,0,0,0,0,0,0,0,0,0,0,0,0,0,0,0,0,0,0
Streptococcus cristatus/downii/gordonii/gwangjuense/infantis/mitis/oralis/periodonticum,1,1,1,1,1,0.89,0.11,1,0.11,1,1,0,0.11,1,0,1,0,0,0,0.33,0,0,0,0,0,0,0.44,0,0,0,0,0,0,0,0,0,0,0,0,0.11,0.89,0,0,0,0,0,0,0,0,0,0,0,0,0,0,0
Megasphaera massiliensis,0,1,1,0,0,0,0,0,0,0,0,0,0,0,1,0,1,0,0,0,0,0,0,1,0,0,0,0,1,0,1,0,1,1,0,1,0,0,0,0,0,0,0,1,0,0,0,0,0,1,0,0,0,0,0,0
Dialister succinatiphilus,0,0,0,0,0,0,0,0,1,0,0,0,0,0,0,0,0,0,0,0,0,0,0,0,0,0,0,0,0,0,0,0,0,0,0,0,0,0,0,0,0,0,0,0,0,0,0,0,0,0,0,0,0,0,0,0
Acetivibrio straminisolvens/Acetivibrio cellulolyticus/Papillibacter cinnamivorans/Sporobacter termitidis,0,0,0,0,0,0,0,0,0,0,0,0,0,0,1,0,0,0,0,0,0,0,0,0,0,0,0,0,0,0,0,0,0,0,0,0,0,0,0,0,0,0,0,0,0,0,0,0,0,0,0,0,0,0,0,0
Bacteroides oleiciplenus/stercorirosoris,1,1,1,1,1,1,1,1,1,0,0,1,1,0.5,1,1,1,1,1,0,1,0,1,1,1,1,0,0.5,1,0,0,1,0,0,1,0.5,0,0,0.5,0,0,0,0,0,0,0,0,0,0,0,0,0,0,0,0,0
Novisyntrophococcus fermenticellae,0.96,0.78,0.22,0.96,1,0.82,0.78,0.06,0.41,0.38,0.21,0.21,0.76,0.73,0.06,0.2,0.56,0.77,0.07,0.22,0.02,0.77,0.05,0.02,0.76,0.22,0.79,0.06,0.03,0.05,0.03,0.22,0,0.02,0.76,0.06,0.03,0,0,0.04,0,0.01,0.06,0.02,0.02,0.01,0,0.01,0,0,0,0,0,0,0.01,0
Duodenibacillus massiliensis,0,0.03,0,0,0,0.04,0,0,0.03,0,0,0,0,0,0.01,0,0.04,0,0,0.03,0,0,0,0.03,0.01,0,0,0,0,0.06,0,0,0.06,0.06,0,0,0,0,0,0,0,0,0,0,0,0,0,0,0,0.06,0,0.03,0,0,0,0
Blautia stercoris,1,0.5,0.17,1,1,0.67,0.17,0.17,0,0.67,0.5,0.5,1,0.5,0,0.83,0.17,0.33,0.17,0,0.33,0.67,0.17,0.17,0,0.67,0.67,0.5,0,0.5,0,0.5,0,0,0.17,0,0,0,0.17,0,0,0,0,0,0,0.5,0,0,0,0,0,0,0,0,0,0
Ruminococcus champanellensis/Ruminococcus flavefaciens/Tepidibaculum saccharolyticum/Ruminococcus albus/Ruminococcus callidus,0,0.2,0.59,0,0,0,0.2,0.2,0,0,0,0,0.2,0.2,0,0.2,0,0,0,0.2,0,0,0.2,0,0,0,0.2,0,0,0,0,0,0,0,0,0,0,0,0.2,0,0,0,0,0,0,0,0,0,0,0,0,0,0,0,0,0
Enterocloster clostridioformis/Lachnoclostridium pacaense/Enterocloster bolteae/Lacrimispora indolis/Lacrimispora amygdalina/Kineothrix alysoides/[Clostridium] methoxybenzovorans/Lacrimispora sphenoides/Lacrimispora celerecrescens,1,0,1,0,0.67,0.67,1,0,1,0.67,1,0,0,0,0.33,0,0,0,1,1,0,0,0,0,0,0,0,0,0,0,0,0,0,0,0,0,0,0,0,0,0,0,0,0,0,0,0,0,0,0,0,0,0,0,0,0
Peptoniphilus grossensis,0,0,0,0,0,0,0,0,0,0,0,0,0,0,0,0,0,0,0,0,0,0,0,0,0.5,0,0,0,0,0,0,0,0,0,0,0,0,0,0,0,0,0,0,0,0,0,0,0,0,0,0,0,0,0,0,0
Corynebacterium amycolatum/freneyi/lactis/xerosis,1,1,1,1,0.5,0,0,0.5,0,0,0,0,0,0,0,0,0,0,0,0,0,0,0,0,0,0,0,0,0,0,0,0,0,0,0,0,0,0,0,0,0,0,0,0,0,0,0,0,0,0,0,0,0,0,0,0
Fusobacterium mortiferum,1,1,1,0,1,1,1,1,1,1,0,0,0,0,0,0,1,0,0,0,0,0,1,1,0,0,0,0,0,0,0,0,0,0,0,0,0,1,0,1,1,0,0,0,0,0,0,0,0,0,0,0,0,0,0,0
Lawsonibacter asaccharolyticus/Intestinimonas butyriciproducens/[Clostridium] viride/Flintibacter butyricus/Flavonifractor plautii/Pseudoflavonifractor capillosus,0.2,0,0,0.2,0.8,0,0,0,0,0.6,0,0,0,0,0,0,0,0,0,0,0,0.6,0,0,0,0,0,0,0,0,0,0,0,0,0,0,0.6,0,0,0,0,0,0,0,0.4,0,0,0,0,0,0,0,0,0,0,0
Alistipes ihumii,0,0,0,0,0,0,0,0,1,0,0,0,0,0,0,0,0,0,0,0,1,0,0,0,0,0,0,0,1,0,0,0,0,0,0,0,0,0,0,0,0,0,0,0,0,0,0,0,0,0,0,0,0,0,0,0
Peptoniphilus gorbachii/harei/lacydonensis/senegalensis/tyrrelliae,0,0,0,0,0,0,0,0,0,0,0,0,0,0,0,0,0,0,0,0,0,0,0,0,0.5,0,0,0,0,0,0,0,0,0,0,0,0,0,0,0,0,0,0,0,0,0,0,0,0,0,0,0,0,0,0,0
Veillonella parvula/rogosae/tobetsuensis,0,1,0,0,0,0,0,0,1,0,0,0,0,0,0,0,0,0,0,0,0,0,0,0,0.4,0,0,0,0,0,0,0,0,0,0,0,0,0,0,0,0,0,0,0,0,0,0,0,0,0,0,0,0,0,0,0
Bacteroides nordii,1,1,1,1,1,1,0.5,1,0,1,0.5,1,1,0,1,1,1,1,0,0,1,0,1,1,1,0,0,0,1,0,0,0,0,0,1,1,0,0,0.5,0,0,0,0,0,0,0,0,0,0,0,0,0,0,0,0,0
[Clostridium] methylpentosum,0,0,0,0,0,0,0,0,1,0,0,0,0,0,0,0,0,0,0,0,0,0,0,0,1,0,0,0,0,0,0,0,0,0,1,0,0,0,0,0,0,0,0,0,0,0,0,0,0,0,0,0,0,0,0,0
Monoglobus pectinilyticus,0,0,0,0,0,0.02,0.02,0,0,0.02,0,0.02,0,0,0,0,0,0,0.47,0,0,0,0,0,0,0.02,0,0,0,0,0,0.02,0,0,0,0,0,0,0,0,0,0,0,0,0,0,0,0,0,0,0,0,0,0,0,0
Alistipes finegoldii/onderdonkii/shahii,0.86,0,1,0.86,1,0.43,0,0,0.86,0.29,0.57,0.29,0,0,0.43,0.71,0.29,0.43,0,0,0.29,0,0.29,0.29,0,0,0,0,0.43,0,0.57,0,0,0,0,0.14,0,0,0.43,0,0,0,0,0,0,0,0,0,0,0,0,0,0,0,0,0
Prevotella timonensis,1,0,1,1,1,0.43,0,0,0,1,0,0,0,0,0,0,0,0.43,0,0,0,0,0,0,0,0,0,0,0,0,0,0,0,0,0,0,0,0,0,0,0,0,0,0,0,0,0,0,0,0,0,0,0,0,0,0
Corynebacterium aurimucosum/canis/diphtheriae/uropygiale/vitaeruminis,1,1,1,1,0,1,0,1,0,0,1,0,0,0,0,0,0,0,0,0,0,0,0,0,0,0,0,0,0,0,0,0,0,1,0,0,0,0,0,0,0,0,0,0,0,0,0,0,0,0,0,0,0,0,0,0
Enterococcus dongliensis/Enterococcus italicus/Vagococcus lutrae/Granulicatella adiacens,1,1,0,1,0,0,1,1,0,0,1,0,1,0,0,0,0,0,0,0,0,1,0,0,0.5,0,0,0,0,0,0,0,0,0,0.5,1,0,0,0,1,1,0,0.5,0,0,0.5,1,1,0,0,0,0,0,0,0,0
Paraprevotella xylaniphila,0,0,1,0,1,0,0,0,0,0,1,1,0,0,1,1,1,0,1,0,0,0,1,1,1,1,0,0,0,0,0,1,0,0,1,0,0,0,0,0,0,0,0,0,0,0,0,0,0,0,0,0,0,0,0,0
[Clostridium] leptum,1,0,0,1,0,0,0,0,0,0,0,0,1,0,0,0,0,0,0,0,0,0,0,0,1,1,0,0,0,0,0,0,0,0,1,0,0,0,0,0,0,0,0,0,0,0,0,0,0,0,0,0,0,0,0,0
Lactococcus allomyrinae/cremoris/lactis/taiwanensis,1,1,0.8,1,0,0,1,1,1,0,1,0.6,0,0.8,0.6,0.6,1,0,0.2,1,0,0,0.2,0.2,0,0.2,0,0,0,0,1,0,0,1,0,0.6,0,0,0,0,0,0,0,0,0,0,0,0,0,0,0,0,0,0,0,0
[Bacteroides] pectinophilus,0,1,0,0,0,0,0,0,0,0,0,0,0,0,0,0,1,0,0,0,0,0,1,1,0,0,0,0,0,0,0,0,0,1,0,0,0,0,0,0,0,0,0,0,0,0,0,0,0,0,0,0,0,0,0,0
[Clostridium] hylemonae,1,1,0,1,1,0.99,0.99,0,1,1,0,0,1,0.01,0.99,0,0,0,0,0,0,1,0,0,0,0,0,0,0,0.99,0,0,0,0,0,0,0,0,0,0,0,0,0,0,0,0,0,0,0,0,0,0,0,0,0,0
Oscillibacter ruminantium,0,0,0,0,1,0,1,0,1,0,0,0,0,0,1,0,0,0,0,0,0,0,0,0,0,0,0,0,0,0,0,0,0,0,0,0,0,0,0,0,0,0,0,0,0,0,0,0,0,0,0,0,0,0,0,0
Kineothrix alysoides/Lacrimispora saccharolytica/Merdimonas faecis,1,0,1,1,1,0,0,0,1,0,0.5,0.5,0,0,0,0.5,0,0,0,0.5,0,0,0,0,0,0.5,0,0,0,0,0,0.5,0,0,0,0,0,0,0,0,0,0,0,0,0,0,0,0,0,0,0,0,0,0,0,0
Herbinix luporum/Parasporobacterium paucivorans,0,0,0,0,0,0,0,0,0,0,0,0,0,0,0,0,0,0,0,0,0,0,0,0,0,0,0,0,0,0,0,0,0,0,0,0,0,0,0,0,0,0,0,0,0,0,0,0,0,0,0,0,0,0,0,0
Acinetobacter johnsonii,0,0.71,0,0,0,0,0,0,0,0,0,0,0,0,0,0,0,0,0,0,0,0,0,0,0,0,0,0,0,0,0,0,0,0,0,0,0,0,0,0,0,0,0,0,0,0,0,0,0,0,0,0,0,0,0,0
Intestinimonas butyriciproducens,0,0,0,0,1,0,0,0,0,1,0,0,0,0,0,0,0,0,0,0,0,1,0,0,0,0,0,0,0,0,0,0,0,0,0,0,1,0,0,0,0,0,0,0,0.67,0,0,0,0,0,0,0,0,0,0,0
Ruminiclostridium cellobioparum/Sporobacter termitidis/Flintibacter butyricus,0,0.5,0.5,0,0.5,0.5,0,0,0,0.5,0,0.5,0.5,0,1,0,0,0.5,0,0,0,0.5,0,0,0,0,0.5,0,0,0,0,0,0.5,0,0,0,0,0,0,0,0,0,0,0,0,0,0,0,0,0,0,0,0,0,0,0
Roseburia inulinivorans/Falcatimonas natans/Eubacterium oxidoreducens,1,1,0,1,1,1,1,0,0,1,0,0,1,0,0,0,0,1,0,0,0,1,0,0,1,0,0,1,0,0,0,0,0,0,1,0,0,1,0,0,0,0,0,0,0,0,0,0,0,0,0,0,0,0,0,0
Lawsonibacter asaccharolyticus/Intestinimonas butyriciproducens/Pseudoflavonifractor phocaeensis/Sporobacter termitidis/Acetivibrio cellulolyticus/Flintibacter butyricus/Colidextribacter massiliensis,0,0,0,0,1,0,0,0,0,1,0,0,0,0,0,0,0,0,0,0,0,1,0,0,0,0,0,0,0,0,0,0,0,0,0,0,1,0,0,0,0,0,0,0,0.67,0,0,0,0,0,0,0,0,0,0,0
Clostridium chartatabidum,1,1,1,1,1,1,1,1,0,0,1,0,0,0,0,1,0,0,0,1,0,0,0,0,1,0,0,0,0,0,0,0,0,0,1,1,1,0,0,1,1,0,0,0,0,0,1,0,1,0,0,0,0,0,0,0
Blautia luti/obeum/schinkii,1,0,1,1,0,1,1,0,1,0,0,1,1,0,1,0,0,1,1,0,1,1,0,0,0,0,0,1,0,1,0,0,1,0,0,0,0,0,0,0,0,0,0,0,0,0,0,0,0,0,0,0,0,0,0,0
[Clostridium] fimetarium/Lacrimispora xylanolytica/Anaerotaenia torta/Cuneatibacter caecimuris/Anaerobium acetethylicum/Anaerocolumna aminovalerica/Variimorphobacter saccharofermentans/Anaerocolumna cellulosilytica/Hungatella xylanolytica/Frisingicoccus caecimuris/Anaerosporobacter mobilis/Lacrimispora algidixylanolytica/Parasporobacterium paucivorans,0.67,0.83,0.33,0.67,0.33,0.33,0.33,0.17,0.17,0.17,0,0.33,0.17,0.33,0.33,0.5,0,0,0.5,0.17,0.67,0.17,0.5,0,0.17,0.17,0.17,0.33,0,0,0.33,0.33,0,0.17,0.17,0.17,0.17,0.17,0.33,0,0,0.33,0,0,0.17,0.17,0,0.17,0,0,0,0,0,0,0,0
Butyricimonas paravirosa,0,0,0,0,1,0,0,0,0,0,1,0,0,0,0,1,0,0,0,0,0,0,0,0,0,0,0,0,0,0,0,0,0,0,0,0,0,0,0,0,0,0,0,0,0,0,0,0,0,0,0,0,0,0,0,0
Prevotella dentalis/Prevotella loescheii/Prevotella shahii/Prevotella corporis/Hallella seregens/Prevotella paludivivens/Prevotella buccalis/Prevotella oris,1,1,1,1,1,0,1,1,0,0,0,1,1,0,1,0,1,0,0,0,1,0,1,1,0,0,0,0,1,0,0,1,0,0,0,0,0,0,0,0,0,0,0,0,0,0,0,0,0,0,0,0,0,0,0,0
[Clostridium] fimetarium/Anaerosporobacter mobilis/Cuneatibacter caecimuris/Lachnoclostridium phytofermentans,0,1,0,0,0,0,0,0,0,0,0,0,0,0,0,0,0,0,0,0,1,0,1,0,0,0,0,0,0,0,0,0,0,0,0,0,0,0,0,0,0,0,0,0,0,1,0,0,0,0,0,0,0,0,0,0
Anaerococcus vaginalis,1,0.33,0,1,0,0,0.33,0.33,1,1,1,0,0,0,0,0,0,0,0,0,0,1,0,0,0,0,0,0,0,0,0,0,0,0,0,0.33,0.33,0,0,1,1,0,0,0,0.33,0,1,0,0,0,0,0,0,0,0,0
Blautia caecimuris,0.6,0.21,1,0.6,0.21,0.6,0.79,0.4,0.6,0,0,0.59,0.4,0.4,0.79,0,0,0.6,0.79,0,0,1,0,0,0.4,0,0.6,0.79,0.8,0.6,0,0,1,0,0.4,0,0.2,0,0,0,0,0,0,0,0,0,0,0,0,0,0,0.59,0,0,0,0
Clostridium lundense/Clostridium combesii/Clostridium botulinum/Clostridium vulturis/Proteiniclasticum ruminis/Clostridium tarantellae/Clostridium acetireducens/Clostridium tepidum/Clostridium prolinivorans/Clostridium akagii/Clostridium tepidiprofundi/Clostridium oceanicum/Clostridium sporogenes/Clostridium perfringens/Clostridium oryzae/Clostridium liquoris,1,0,1,0,0,1,1,0,0,0,0.25,0,0,0,0,0,0,0,0,1,0,0,0,0,0,0,0,0,0,0,0,0,1,0,0,0.75,0,0,0,0,0,0.75,0,0,0,0,0,1,0,0,0,0,0,0,0,0
Enterocloster clostridioformis/Enterocloster bolteae/Lachnoclostridium pacaense/Lacrimispora indolis/Lacrimispora amygdalina/[Clostridium] methoxybenzovorans,1,0,1,0,0.67,0.67,1,0,1,0.67,1,0,0,0,0.33,0,0,0,1,1,0,0,0,0,0,0,0,0,0,0,0,0,0,0,0,0,0,0,0,0,0,0,0,0,0,0,0,0,0,0,0,0,0,0,0,0
Emergencia timonensis/Ihubacter massiliensis,0,0,0,0,0,0,0,0,0,0,0,0,0,0,0,0,0,0,0,0,0,0,0,0,0,0,0,0,0,0,0,0,0,0,0,0,0,0,0,0,0,0,0,0,0,0,0,0,0,0,0,0,0,0,0,0
Schaalia odontolytica,1,0,1,1,0,0.86,0,1,0.42,1,0,0,0,0.7,0,0,0,0.02,0.28,0,0,0.02,0,0,0.98,0,0,0,0.14,0.7,0,0.02,0,0,0.98,0,0,0,0,0,0,0,0,0,0,0,0,0,0,0,0,0,0,0,0,0
Hungatella hathewayi/Lachnoclostridium pacaense/Hungatella effluvii,1,1,0.67,0.83,0.83,0.83,0.83,0.67,0.83,1,1,0.83,0.33,0.17,0.17,0.83,0.83,0.83,0.5,0.83,0.5,0.83,0.67,0.83,0.33,1,0.83,0.83,0,0,0,0.33,0.17,0.5,0.33,0.33,0.67,0,0,0.17,0,0,0.17,0,0,0.5,0,0,0,0,0.33,0,0,0,0,0
Erysipelatoclostridium ramosum,1,1,1,0,0,1,1,1,0,0,1,0,0,1,0,1,0,1,0,1,0,1,0,0,0,0,0,0,0,0,0,0,0,0,0,1,0,1,0,0.2,0,0,0,0,0,0,0,0,0,0,0,0,0,0,0,0
Mesosutterella multiformis,0.03,0.06,0.03,0.03,0.03,0,0,0,0,0,0,0,0,0,0,0,0,0,0,0,0,0,0,0,0,0,0,0,0,0.04,0,0,0.04,0.04,0,0,0,0,0,0,0,0,0,0,0,0,0,0,0,0.04,0,0,0,0,0,0
Lacrimispora aerotolerans/Blautia obeum/Butyribacter intestini/Hungatella effluvii/Novisyntrophococcus fermenticellae/Blautia argi/Muricomes intestini/Frisingicoccus caecimuris/Butyrivibrio crossotus/Lacrimispora algidixylanolytica/Anaerosacchariphilus polymeriproducens/Marvinbryantia formatexigens/[Clostridium] hylemonae/Blautia luti/Hungatella hathewayi/Lacrimispora xylanolytica/Faecalimonas umbilicata/Kineothrix alysoides/Lacrimispora sphenoides/Lachnoclostridium pacaense/Blautia schinkii/Murimonas intestini,0.88,0.5,0.63,0.81,0.5,0.56,0.75,0.31,0.75,0.5,0.38,0.56,0.56,0.19,0.5,0.38,0.31,0.5,0.5,0.31,0.19,0.75,0.13,0.25,0.38,0.44,0.56,0.56,0.31,0.38,0,0.06,0.38,0.06,0.25,0,0.13,0.06,0.06,0.06,0,0,0.06,0.06,0,0.06,0,0,0,0,0.13,0.19,0,0,0,0
Acetivibrio thermocellus/Ruminiclostridium josui/Ruminiclostridium cellulolyticum/Sporobacter termitidis/Monoglobus pectinilyticus/Acetivibrio straminisolvens/Acetivibrio cellulolyticus/Papillibacter cinnamivorans,0,0,0,0,0,0,0,0,0,0,0,0,0,0,1,0,0,0,0,0,0,0,0,0,0,0,0,0,0,0,0,0,0,0,0,0,0,0,0,0,0,0,0,0,0,0,0,0,0,0,0,0,0,0,0,0
Mediterraneibacter glycyrrhizinilyticus,0.5,0,0,0.5,0,1,0.5,0.5,0.5,0,0,0,0,1,0,0,0.5,0.5,0,0,1,1,0.5,0.5,1,0,0,0,1,0,0,0,0,0,1,0,0,0.5,0,1,0,0,0,0,0,0,0,0,0,0,0,0,0,0,0,0
Blautia hansenii/Blautia hominis/Lacrimispora aerotolerans/Hungatella effluvii/Herbinix hemicellulosilytica/Blautia marasmi/Frisingicoccus caecimuris/Lacrimispora algidixylanolytica/Enterocloster clostridioformis/Moryella indoligenes/Lacrimispora indolis/Hungatella hathewayi/Lacrimispora xylanolytica/Enterocloster bolteae/Kineothrix alysoides/[Clostridium] methoxybenzovorans/Lachnoclostridium pacaense/Murimonas intestini/Lacrimispora amygdalina,0.88,0.63,0.88,0.38,0.63,0.63,0.75,0.5,0.75,0.75,0.88,0.38,0.13,0.13,0.25,0.38,0.5,0.38,0.75,0.75,0.25,0.38,0.38,0.5,0.25,0.5,0.38,0.38,0,0,0,0.25,0.13,0.25,0.25,0.25,0.38,0.13,0,0,0,0,0.13,0,0,0.25,0,0,0,0,0.13,0,0,0,0,0
Anaerotignum aminivorans/neopropionicum/propionicum,0,0,0,0,0,0,0,0,0,0,0,0,0,0,0,0,0,0,0,0,0,0,0,0,0,0,0,0,0,0,0,0,0,0,0,0,0,0,0,0,0,0,0,0,0,0,0,0,0,0,0,0,0,0,0,0
Porphyromonas asaccharolytica,0,0,1,0,0,0,0,0,0,0,0,0,0,0,0,0,0,0,0,0,0,0,0,0,0,0,0,0,0,0,0,0,0,0,0,0,0,0,0,0,0,0,0,0,0,0,0,0,0,0,0,0,0,0,0,0
Comamonas testosteroni/thiooxydans,0,0,0,0,0,0,0,0,0,0,0,0,0,0,0,0,0,0,0,0,0,0,0,0,0,0,0,0,0,0,0,0,0,1,0,0,0,0,0,0,0,0,0,0,0,0,0,0,0,0,0,0,0,0,0,0
Prevotella bivia,1,0,1,1,1,0,0,0,0,0,0,0,0,0,0,0,0,0,0,0,0,0,0,0,0,0,0,0,0,0,0,0,0,0,0,0,0,0,0,0,0,0,0,0,0,0,0,0,0,0,0,0,0,0,0,0
Frisingicoccus caecimuris,0.87,1,0.57,0.79,0.71,0.7,0.77,0.36,0.56,0.41,0.3,0.35,0.62,0.42,0.36,0.15,0.57,0.43,0.44,0.3,0.2,0.55,0.37,0.36,0.5,0.37,0.64,0.28,0.14,0.34,0.28,0.22,0.07,0.15,0.35,0.22,0.28,0.09,0,0.15,0,0.07,0.28,0.14,0.14,0.08,0,0.07,0,0,0.07,0,0,0,0.07,0
Colidextribacter massiliensis,0.08,0.26,0.23,0.08,0.52,0.09,0.13,0,0.31,0.67,0.07,0.09,0.09,0,0.09,0,0,0.16,0,0.16,0.13,0.43,0,0,0,0,0.09,0.07,0,0.31,0,0,0.4,0,0,0.13,0.28,0,0,0,0,0.13,0,0,0.18,0,0,0,0,0,0,0,0,0,0,0
Yersinia ruckeri/Rouxiella silvae/Serratia fonticola/Rouxiella badensis/Rahnella variigena/Rouxiella chamberiensis/Yersinia entomophaga/Serratia aquatilis/Rahnella inusitata/Hafnia psychrotolerans/Rahnella bruchi/Rahnella woolbedingensis/Rahnella victoriana/Yersinia nurmii/Nissabacter archeti/Ewingella americana,1,1,1,1,1,1,1,0.67,1,0.67,1,1,0,0.33,1,0,1,0,1,1,0.67,0,1,1,0.67,0.67,0,0,0.67,0.33,1,0.67,0.33,1,0,0.67,0,0.67,0,0,1,0,0,0.33,0,0,0,0,0,0.33,0,0.33,0.33,0,0,0
[Clostridium] spiroforme,0,1,1,0,0,1,0,0,0,0,1,0,0,0,0,1,0,0,0,0,0,0,0,0,0,0,0,0,0,0,0,0,0,0,0,0,0,0,0,0,1,0,0,0,0,0,0,0,0,0,0,0,0,0,0,0
Kineothrix alysoides/Robinsoniella peoriensis,1,0,1,1,1,0.5,0.5,0.5,1,0.5,0.5,1,0,0,0,0.5,0,0.5,0,1,0.5,0.5,0,0,0.5,1,0.5,0,0.5,0.5,0,1,0,0,0.5,0.5,0,0,0,0,0,0,0,0,0,0.5,0,0,0,0,0,0,0,0,0,0
Aminipila butyrica/[Eubacterium] saphenum/Sinanaerobacter chloroacetimidivorans/Anaerovorax odorimutans,0,0,0,0,0,0,0,0,0,0,0,0,0,0,0,0,0,0,0,0,0,0,0,0,0,0,0,0,0,0,0,0,0,0,0,0,0,0,0,0,0,0,0,0,0,0,0,0,0,0,0,0,0,0,0,0
Gluceribacter canis/Faecalimonas umbilicata,0.67,0.67,0,0.67,0.83,0.83,0.67,0,0.17,0.33,0,0,0.83,0.67,0,0,0.5,0.83,0,0,0,0.83,0,0,0.67,0,0.83,0,0,0,0,0,0.17,0,0.67,0,0,0,0,0,0,0,0,0,0,0,0,0,0,0,0,0.17,0,0,0,0
Odoribacter laneus,1,0,1,1,1,1,0,0,0,1,0,0,0,0,0,0,0,1,0,0,0,0,0,0,0,0,0,0,0,0,1,0,0,0,0,0,0,0,0,0,0,0,0,0,0,0,0,0,0,0,0,0,0,0,0,0
Pseudobutyrivibrio ruminis,1,1,1,1,0,0.2,0.2,0,0,0,0,0.2,0.2,0.8,0.2,0,0,0,0,0,0.2,0,0,0,0,0.2,1,0.8,0,0,0,0,0,0,0,0,1,0.2,0,0,0,0,0,0,1,0,0,0,0,0,0,0,0,0,0,0
Fournierella massiliensis/Faecalibacterium prausnitzii,1,1,0.88,1,1,1,0.75,0.13,0,1,0.13,0,0.38,1,0,0.38,0.88,0,0,0.25,0.25,0.88,0.88,0.88,0,0,0.13,0.38,0,0,0,0,0.25,0.25,0,0.63,0,0.38,0,0,0.5,0,0,0,0,0.38,0.38,0,0,0,0,0,0,0,0,0
Prevotella colorans,1,0.76,1,1,1,0.33,0.38,0.76,0,0.44,0,0.75,0.76,0.67,0.75,0.91,0.99,0.33,0.19,0,0.38,0,0.99,0.89,0.09,0.75,0,0.67,0.47,0,0.28,0.75,0,0,0.09,0,0,0,0.91,0,0,0,0,0,0,0,0,0,0,0,0,0,0,0,0,0
Holdemania filiformis,0,0,1,0,1,0,1,1,0,0,1,0,0,0,0,0,0,0,0,0,0,0,0,0,0,0,0,0,0,0,0,0,0,0,0,0,1,0,0,1,0,0,0,0,0,0,0,0,1,0,0,0,0,0,0,0
Oribacterium sinus/Enterocloster clostridioformis/Enterocloster bolteae/Lacrimispora xylanolytica/Lacrimispora saccharolytica/[Clostridium] hylemonae/Merdimonas faecis/Enterocloster lavalensis/Faecalimonas umbilicata/Enterocloster asparagiformis/Kineothrix alysoides/Lacrimispora sphenoides/Lacrimispora algidixylanolytica/Lacrimispora celerecrescens,1,0.6,0.5,0.7,0.9,0.8,0.9,0.1,0.7,0.5,0.4,0,0.5,0.4,0.3,0.1,0.3,0.4,0.4,0.4,0,0.5,0.1,0,0.5,0.1,0.5,0.1,0.1,0.2,0,0.1,0,0,0.5,0.1,0.1,0,0,0.1,0,0,0.1,0,0.1,0,0,0,0,0,0,0,0,0,0,0
Streptococcus lactarius/peroris,1,1,1,1,1,1,0.25,1,0,1,1,0,0,1,0,0.75,0,0,0,0,0,0,0,0,0,0,0,0,0,0,0,0,0,0,0,0,0,0,0,0,1,0,0,0,0,0,0,0,0,0,0,0,0,0,0,0
Prevotella disiens,1,0,1,1,0,0,0,0,0,0,0,0,0,0,0,0,0,0,0,0,0,0,0,0,0,0,0,0,0,0,0,0,0,0,0,0,0,0,0,0,0,0,0,0,0,0,0,0,0,0,0,0,0,0,0,0
Coprobacter fastidiosus,1,0,1,1,1,0,0,0,0,1,1,1,0,0,1,0.15,1,0,0,0,0,0,1,1,0,0,0,0,0,0,0,1,0,0,0,0,0,0,0,0,0,0,0,0,0,0,0,0,0,0,0,0,0,0,0,0
Hungatella hathewayi/Lachnoclostridium pacaense/Faecalicatena orotica/Hungatella effluvii/Lacrimispora amygdalina/Kineothrix alysoides/[Clostridium] methoxybenzovorans,1,0.91,0.82,0.91,0.91,0.64,0.73,0.55,0.73,0.55,0.82,0.82,0.45,0.18,0.36,0.64,0.64,0.55,0.55,0.82,0.45,0.55,0.64,0.64,0.18,0.91,0.82,0.64,0.09,0.27,0.27,0.55,0.09,0.45,0.18,0.45,0.55,0,0,0.27,0,0.09,0.27,0.18,0,0.27,0,0.09,0.09,0,0.18,0,0,0,0.09,0
Mediterranea massiliensis,1,0.67,1,0.71,1,0.67,0.25,0.67,0.15,0.82,0.21,0.82,0.67,0.18,0.82,0.64,0.79,0.53,0.43,0.15,0.79,0,0.79,0.79,0.1,0.46,0.15,0.03,0.79,0,0.03,0.46,0,0,0.25,0.65,0,0,0.43,0.15,0.15,0,0.15,0,0,0,0,0,0,0,0.15,0,0,0,0,0
Parabacteroides chongii/faecis/johnsonii/merdae,0.28,0.57,1,0.28,1,1,0.14,0.57,0.86,0.86,0.14,0.72,0.57,0.14,0.72,0.14,0.72,0.86,0,0.14,0.72,0,0.72,0.72,0,0.15,0.14,0,0.72,0,0,0.72,0,0,0.14,0,0,0,0,0.14,0.14,0,0.14,0,0,0,0,0,0,0,0.14,0,0,0,0,0
Peptoniphilus duerdenii,0,0,0,0,0,0,0,0,0,0,0,0,0,0,0,0,0,0,0,0,0,0,0,0,0,0,0,0,0,0,0,0,0,0,0,0,0,0,0,0,0,0,0,0,0,0,0,0,0,0,0,0,0,0,0,0
Lawsonibacter asaccharolyticus/Pseudoflavonifractor phocaeensis,0.33,0.15,0.08,0.33,0.63,0,0.15,0,0.3,0.52,0.07,0,0,0,0,0,0,0.07,0,0.15,0.15,0.3,0,0,0,0,0,0.07,0,0.3,0,0,0.3,0,0,0.15,0.22,0,0,0,0,0.15,0,0,0.15,0,0,0,0,0,0,0,0,0,0,0
Staphylococcus aureus/capitis/caprae/carnosus/chromogenes/condimenti/croceilyticus/debuckii/epidermidis/hominis/hyicus/intermedius/lutrae/pasteuri/petrasii/piscifermentans/pragensis/roterodami/simulans,1,1,1,0,0,1,0.33,1,0.94,0.33,1,0,0,1,0,0,0,0,0,0.33,0,0,0,0,0,0,0,0,0,0.28,0.33,0,0.06,1,0,1,0,0,0,0,0.06,0,0,0.28,0,0,0,0,0,0.28,0,0,0.06,0,0,0
Rummeliibacillus pycnus,0.25,0,0,0.25,0,0.75,0,0,0,0,0,0.25,0,0,0,0,0,0,0.25,0.25,0,0,0,0,0,0,0,0,0,0.25,0.25,0,0,0.75,0,0,0,0,0,0,0,0,0,0,0,0,0,0,0,0,0,0,0,0,0,0
Lactobacillus acidophilus/crispatus/gallinarum,1,0.91,1,1,0,0,1,1,0.27,0.36,1,0,0.36,1,0,0.45,0,0,0,0.82,0,0,0,0,0,0,0.64,0,0,0,0.55,0,0,0,0,0.73,0,0,0,0,0,0,0,0,0,0,0,0,0,0,0,0,0,0,0,0
Enterocloster asparagiformis/lavalensis,0.83,1,0.94,0.83,0.97,0.8,0.8,0.8,0.94,0.94,0.8,0.03,0.2,0.06,0.03,0.42,0.78,0.17,1,0.8,0.42,0.17,0.8,0.78,0.39,0,0.39,0.94,0.78,0.56,0.17,0,0,0.56,0,0.78,0.94,0.03,0.03,0.78,0,0.03,0.78,0,0.78,0,0,0,0.39,0,0,0,0,0,0,0
Peptoniphilus coxii,0,0,0,0,0,0,0,0,0,0,0,0,0,0,0,0,0,0,0,0,0,0,0,0,0,0,0,0,0,0,0,0,0,0,0,0,0,0,0,0,0,0,0,0,0,0,0,0,0,0,0,0,0,0,0,0
Anaeromassilibacillus senegalensis,0,0.08,0,0,0.08,0,0.08,0,0.31,0,0,0.31,0,0,0,0,0,0,0.08,0,0,0,0,0,0,0,0,0,0,0,0,0,0,0,0,0.08,0.08,0,0,0.08,0,0,0,0.08,0.08,0,0,0,0,0,0,0,0,0,0,0
Klebsiella pneumoniae/Klebsiella quasipneumoniae/Lelliottia nimipressuralis/Kluyvera intermedia/Enterobacter mori/Enterobacter cancerogenus/Kluyvera ascorbata/Kluyvera cryocrescens/Klebsiella huaxiensis/Kosakonia quasisacchari/Siccibacter turicensis/Enterobacter hormaechei/Leclercia adecarboxylata/Enterobacter cloacae/Erwinia persicina/Pantoea agglomerans/Klebsiella aerogenes,1,1,1,1,0.9,0.9,1,1,0.9,0.3,1,1,0,0.8,1,0.4,1,0.9,1,1,1,0,1,1,0.7,1,0,0,1,0.9,1,1,1,1,0,1,0.5,0.8,0,0,0.3,0.9,0,0.4,0,0,0.3,0.2,0.5,0.7,0.6,0,0.7,0,0,0
Alistipes indistinctus,0,0,1,0,1,1,0,0,1,0,1,1,0,0,1,1,1,1,0,0,1,0,0,0,0,0,0,0,1,0,0,0,0,0,0,0,0,0,0,0,0,0,0,0,0,0,0,0,0,0,0,0,0,0,0,0
Varibaculum anthropi/cambriense,1,0.33,0,1,0.33,0.33,0,0,0,0.33,0,0,0,0,0.33,0,0,0,0,0,0,0,0,0,0,0,0,0,0,1,0,0,0,0,0,0,0,0,0,0,0,0,0,0,0,0,0,0,0,0,0,0,0,0,0,0
Alistipes ihumii/indistinctus,0,0,0.5,0,0.5,0.5,0,0,1,0,0.5,0.5,0,0,0.5,0.5,0.5,0.5,0,0,1,0,0,0,0,0,0,0,1,0,0,0,0,0,0,0,0,0,0,0,0,0,0,0,0,0,0,0,0,0,0,0,0,0,0,0
Phocaeicola sartorii,1,0.33,1,1,1,1,0,0.33,0,1,1,1,0.33,0,1,1,1,1,1,0,1,0,1,1,0,1,0,0,1,0,0,1,0,0,0,0,0,0,0,0,0,0,0,0,0,0,0,0,0,0,0,0,0,0,0,0
Anaerococcus prevotii/tetradius,1,1,1,1,0.68,0.95,0.77,1,0.73,0,0.55,0.45,0,0.5,0,0.27,0.55,0,0,0.77,0,0.27,0,0.05,0,0,0.32,0,0,0.23,0,0.45,0,0,0,0.27,0.05,0.27,0,0,0,0.27,0,0,0,0.23,0,0,0.05,0,0,0,0,0,0,0
Streptomyces lavendulae/Argonema antarcticum/Streptomyces virginiae/Leucobacter salsicius/Rhodoluna lacicola/Leucobacter celer/Leucobacter chromiiresistens/Deinococcus proteolyticus/Vampirovibrio chlorellavorus/Paenibacillus oryzae/Aquiluna borgnonia/Leucobacter tardus/Leucobacter exalbidus/Streptomyces sulphureus/Leucobacter aerolatus/Argonema galeatum/Baaleninema simplex/Leucobacter triazinivorans/Aquiluna Candidatus Aquiluna rubra/Leucobacter alluvii/Streptomyces kaempferi/Leucobacter iarius/Jacksonvillea apiculata/Annamia dubia,1,1,1,1,1,1,1,1,0,1,0,1,1,1,1,1,1,1,0,0,1,0,1,1,1,1,0,1,1,0,1,1,0,0,1,0,0,0,1,0,0,0,0,0,0,0,0,0,0,0,0,0,0,0,0,0
Alistipes senegalensis/timonensis,0,0,1,0,1,1,0,0,0.33,1,1,1,0,0,1,1,1,1,0,0,1,0,1,1,0,0,0,0,1,0,0,0.67,0,0,0,0,0,0,1,0,0,0,0,0,0,0,0,0,0,0,0,0,0,0,0,0
Lacrimispora amygdalina/[Clostridium] methoxybenzovorans,1,0.69,1,0.69,0.9,0.67,1,0.46,0.77,0.2,0.77,0.69,0.46,0,0.8,0.23,0.46,0.23,1,1,0.46,0.23,0.69,0.46,0,0.69,0.69,0.46,0.23,0.69,0.69,0.69,0,0.46,0,0.69,0.23,0,0,0.46,0,0.23,0.46,0.46,0,0,0,0.23,0,0,0,0,0,0,0.23,0
Eisenbergiella massiliensis,1,0,0,1,1,1,1,1,0,1,0,1,0,0.91,0,0,0.09,0.09,0,1,1,1,1,0.09,1,0.09,1,0,0,0,0,0,0,0,1,0,0,0.91,0,0.09,0,0,1,0,0,0.09,0,0,0,0,0,0,0,0,0,0
Campylobacter hominis,0,0,0,0,0,0,0,0,0,0,0,0,0,0,0,0,0,0,0,0,0,0,0,0,0,0,0,0,0,0,0,0,0,0,0,0,0,0,0,0,0,0,0,0,0,0,0,0,0,0,0,0,0,0,0,0
Hungatella hathewayi/[Clostridium] fimetarium/[Clostridium] hylemonae/Anaerostipes caccae/Enterocloster lavalensis/Enterocloster asparagiformis/Novisyntrophococcus fermenticellae/Kineothrix alysoides/Anaerosporobacter mobilis,0.91,0.82,0.55,0.64,0.91,0.82,0.82,0.55,0.55,0.45,0.82,0.45,0.27,0.09,0.18,0.45,0.27,0.18,0.45,0.55,0.27,0.27,0.36,0.27,0.09,0.27,0.27,0.45,0.18,0.45,0.27,0.09,0.27,0.18,0,0.18,0.55,0.36,0.09,0.27,0,0.09,0.18,0.27,0.18,0.09,0,0.27,0.36,0,0.09,0,0,0,0,0
Phocaeicola faecicola,1,1,1,1,1,1,1,1,0,0.99,0,1,1,0,1,1,0.99,1,0.99,0,1,0,1,1,0.99,0.99,0,0,1,0,0,0.99,0,0,0.99,0,0,0,1,0,0,0,0,0,0,0,0,0,0,0,0,0,0,0,0,0
Rosenbergiella nectarea/Rosenbergiella australiborealis/Raoultella planticola/Rosenbergiella epipactidis,1,1,1,1,1,1,1,1,1,0.17,1,0.33,0,0.17,0.33,0.17,1,1,0.17,1,0.17,0,0.17,0.17,0.83,0.17,0,0,0.17,1,1,0,0.83,1,0,1,0,0.33,0,0,1,0.17,0,0,0,0,0,0,0,0.33,1,0.67,0.17,0,0,0
Pediococcus acidilactici/claussenii/pentosaceus/stilesii,1,1,1,0,0.6,0.6,1,0.4,1,0.8,1,0.6,0,1,0.6,0.8,0.8,0,1,1,0,0,0,0.8,0.2,0.6,0,0,0.6,0,0,1,0,1,0.2,0.8,0.8,0,0,0,1,0,0,0,0,0,1,0.8,0,0,0,0,0,0,0,0.4
Neglectibacter timonensis/Ruminococcus flavefaciens/Anaeromassilibacillus senegalensis/Caproicibacterium amylolyticum/Ruminococcus bromii/Caproiciproducens galactitolivorans/Caproicibacter fermentans/Ruminococcoides bili/[Clostridium] leptum,0.5,0.5,0,0.5,0,0,0,0,0,0,0,0.5,0,0,0,0,0,0,0,0,0,0,0,0,0,0,0,0,0,0,0,0,0,0,0,0,0,0,0,0,0,0,0,0,0,0,0,0,0,0,0,0,0,0,0,0
Parabacteroides chongii,0.67,0.85,1,0.64,1,0.98,0.23,0.85,0.86,0.86,0.62,0.69,0.85,0.06,0.84,0.63,0.82,0.94,0.12,0.04,0.82,0.02,0.46,0.64,0,0.22,0.04,0.02,0.82,0,0,0.3,0,0,0.04,0,0,0.02,0.19,0.04,0.04,0,0.04,0,0,0,0,0,0,0,0.04,0,0,0.02,0,0.02
Prevotella histicola,1,1,1,1,1,1,0,1,0,0,0,0,1,0,0,0,0,0,0,0,0,0,0,0,0,0,0,0,0,0,0,0,0,0,0,0,0,0,0,0,0,0,0,0,0,0,0,0,0,0,0,0,0,0,0,0
Anaerostipes butyraticus/caccae/hadrus,0.88,0.88,1,0,0.88,1,1,1,0,0,1,0.13,0,0.5,0,0.25,0,0,0.63,0.13,0,0,0,0,0,0,0.13,0,0.13,0.88,1,0,1,0,0,0,0.38,0.38,0,0,0,0,0,0.75,0,0,0,0.38,0.38,0,0,0,0,0,0,0
Prevotella nanceiensis,0,0,1,0,1,1,0,0,0,1,0,0,0,0,0,0,0,1,0,0,0,0,0,0,0,0,0,0,0,0,0,0,0,0,0,0,0,0,0,0,0,0,0,0,0,0,0,0,0,0,0,0,0,0,0,0
Hungatella hathewayi,1,1,0,1,1,1,1,0,1,1,1,1,0.5,0,0,1,0.5,1,0.5,1,0.5,1,0.5,0.5,0,1,1,1,0,0,0,0,0,0.5,0,0,0.5,0,0,0.5,0,0,0,0,0,0.5,0,0,0,0,0.5,0,0,0,0,0
Anaerococcus degeneri/mediterraneensis/murdochii,1,1,0.01,1,0,0,1,1,0,0,1,0,0,0,0,0,1,0,0,0.01,0,0,0,0,0,0,0.01,0,0,0,0.99,0,0,0,0,0,0,0,0,0,0,1,0,0,0,0,0,0,0,0,0,0,0,0,0,0
Eisenbergiella tayi,1,0,0,1,1,1,1,1,0,1,0,1,0,0.96,0,0,0.04,0.04,0,1,1,1,1,0.04,1,0.04,1,0,0,0,0,0,0,0,1,0,0,0.96,0,0.04,0,0,1,0,0,0.04,0,0,0,0,0,0,0,0,0,0
Coprobacillus cateniformis,0.68,1,1,0,0,0.68,1,1,0,0,1,0,0,0,0,0.96,0,0.68,0,0.04,0,1,0,0,0,0,0,0,0,0,0,0,0,0,0,1,0,0.04,0,0,0,0,0.96,0.96,0,0,0,0,0,0,0,0,0,0,0,0
Ruminococcus champanellensis/Acetivibrio thermocellus/Ruminococcus flavefaciens/Anaeromassilibacillus senegalensis/Acetivibrio clariflavus/Tepidibaculum saccharolyticum/Ruminococcus albus/Ruminococcus callidus/Monoglobus pectinilyticus/Papillibacter cinnamivorans,0,0.33,0.67,0,0,0,0,0,0,0,0,0,0,0,0,0,0,0,0,0,0,0,0,0,0,0,0,0,0,0,0,0.33,0,0,0,0,0,0,0,0,0,0,0,0,0,0,0,0,0,0,0,0,0,0,0,0
Obesumbacterium proteus/Hafnia alvei,1,1,1,1,1,1,1,0.8,1,1,1,0.6,0,0,1,0,1,0.4,1,1,1,0,0.6,1,1,1,0,0,1,0,1,1,0,1,0,1,0,0.2,0,0,1,0.4,0,0,0,0,0,0,0,0,0,0,0,0,0,0
Blautia luti/Murimonas intestini/Marvinbryantia formatexigens,1,0,1,1,1,1,1,0,1,1,1,1,1,0,1,1,1,1,0,0,0,1,0,1,0,1,1,1,0,0,0,0,0,0,0,0,0,0,0,0,0,0,0,0,0,0,0,0,0,0,0,0,0,0,0,0
Hespellia porcina,0.8,0.6,0.8,0.8,1,0.6,0.8,0.6,0.8,0.8,0.4,0,0.6,0.2,0.2,0.4,0.4,0,0.4,0.6,0.4,0.4,0.4,0.4,0.6,0.2,0.6,0.6,0.6,0.6,0,0,0,0.2,0.4,0.4,0.4,0,0.2,0.4,0,0,0.4,0.2,0.4,0,0,0,0.2,0,0,0,0,0,0,0
Bifidobacterium animalis/porcinum/thermophilum,1,0.1,1,1,0,0,0,1,0,0,0,0.9,1,0.9,0,0,0,0,0,0,0,0,0,0,0,0,0,0.9,0,0,0,0,0,0,0,0,0,1,0,0,0,0,0,0,0,0,0,0,0,0,0,0,0,1,0,0.9
Bifidobacterium bifidum,0.17,1,1,0.17,0.17,0,0.83,1,0.17,0,0.17,0.17,0.17,1,0.17,0,0,0,0.17,0,0,1,0,0,0,0.17,0,1,0,0,0.17,0,0.17,0,0,0,0,0.17,0,0,0,0,0,0,0,0,0,0,0,0,0,0.17,0,0.17,0,0.17
Bacteroides fluxus/uniformis,1,0.9,1,1,1,1,0.9,0.9,0.8,0.9,0.1,1,0.9,0.1,1,1,1,1,0.9,0,0.8,0,0.7,1,0.7,0.9,0,0.1,0.8,0,0,1,0,0,0.7,1,0,0,0.9,0,0,0,0,0,0,0,0,0,0,0,0,0,0,0,0,0
Butyricimonas faecihominis,0,0,0,0,1,0,0,0,0,0,1,0,0,0,0,1,0,0,0,0,0,0,0,0,0,0,0,0,0,0,0,0,0,0,0,0,0,0,0,0,0,0,0,0,0,0,0,0,0,0,0,0,0,0,0,0
Fournierella massiliensis,1,0.29,0.27,1,0.76,0.76,0.95,0.04,0.02,0.98,0.02,0.02,0.09,0.27,0.02,0.11,0.74,0.73,0.02,0.07,0.56,0.98,0.24,0.72,0,0,0.05,0.13,0,0.47,0,0,0.05,0.09,0,0.67,0,0.35,0,0,0.13,0,0.24,0,0,0.35,0.11,0,0,0,0,0,0,0,0,0
Hungatella hathewayi/Mediterraneibacter glycyrrhizinilyticus/[Ruminococcus] torques/Acetivibrio ethanolgignens/Hungatella effluvii/Faecalicatena orotica,0.45,0.82,0.36,0.45,0.82,0.64,0.91,0.36,0.36,0.36,0.45,0.45,0.09,0.36,0,0.36,0.36,0.91,0.18,0.64,0.45,1,0.36,0.36,0.18,0.36,0.73,0.36,0.18,0,0,0.27,0,0.27,0.36,0.18,0.55,0.18,0,0.27,0.36,0,0,0,0,0.27,0.36,0,0,0,0.09,0,0,0,0,0
Hungatella hathewayi/Falcatimonas natans/[Ruminococcus] gnavus/[Clostridium] hylemonae/Hespellia porcina/Dorea longicatena,0.93,1,0.64,0.93,0.5,0.71,0.93,0.71,0.64,0.64,0.43,0.5,0.86,0.5,0.14,0.29,0.5,0.21,0.21,0.36,0.57,0.71,0.57,0.5,0.43,0.21,0.71,0.64,0.29,0.5,0,0,0.07,0.07,0.43,0,0.36,0.29,0.14,0.07,0,0.21,0.43,0,0.21,0.21,0,0,0.07,0,0.07,0,0,0,0,0
Pseudoflavonifractor capillosus,0,0.84,0.58,0,0.58,0.01,0.99,0.16,0,0.01,0.42,0.01,0.01,0,0.01,0,0,0.43,0.16,0.84,0.84,0.43,0,0,0,0,0.01,0.42,0,0,0,0,0.01,0,0,0.84,0,0,0,0,0,0.84,0,0,0,0,0,0,0,0,0,0,0,0,0,0
Butyricimonas phoceensis,0,0,0,0,1,0,0,0,0,0,1,0,0,0,0,1,0,0,0,0,0,0,0,0,0,0,0,0,0,0,0,0,0,0,0,0,0,0,0,0,0,0,0,0,0,0,0,0,0,0,0,0,0,0,0,0
Bacteroides fluxus,1,0,1,1,1,1,0,0,0,1,0,1,0,0,1,1,1,1,0,0,1,0,1,1,1,0,0,0,1,0,0,1,0,0,1,1,0,0,0,0,0,0,0,0,0,0,0,0,0,0,0,0,0,0,0,0
Victivallis vadensis,0,0,0,0,0,0,0,0,1,1,0,1,0,0,1,0,0,0,0,0,0,0,0,0,0,0,0,0,0,0,1,1,0,0,0,0,0,0,0,0,0,0,0,0,0,0,0,0,0,0,0,0,0,0,0,0
Harryflintia acetispora,0,0,0,0,0.03,0,0,0,0,0.03,0,0,0,0.03,0.03,0,0,0,0,0,0,0,0,0,0,0,0.03,0,0,0,0,0.97,0,0,0,0,0.03,0,0,0,0,0,0,0,0.03,0,0,0,0,0,0,0,0,0,0,0
Lacticaseibacillus casei/paracasei/zeae,1,1,1,0.57,1,0,1,1,1,0,1,0,0,0.86,0,0.86,0.14,0,0,1,0,0,0,0.14,0.14,0,0,0,0.14,0.71,1,0,0.71,1,0,0.29,0,0,0,0.14,0.86,0.14,1,0.57,0,0.14,0.86,1,0,0.14,0,0,0,0,0,0
Hungatella hathewayi/Blautia schinkii/Cuneatibacter caecimuris/Hungatella effluvii/Hungatella xylanolytica,0.83,0.67,0.5,0.58,0.67,0.58,0.83,0.33,0.58,0.58,0.67,0.5,0.25,0.17,0.17,0.58,0.25,0.33,0.75,0.83,0.5,0.42,0.33,0.25,0.08,0.5,0.42,0.42,0.08,0.08,0.08,0.25,0,0.25,0.25,0.25,0.25,0.17,0.17,0.08,0,0.17,0,0.08,0,0.25,0,0.08,0,0,0.08,0,0,0,0,0
Casaltella massiliensis,0,0,0,0,0,0,0,0,0,0,0,0,0,0,0,0,0,0,0,0,0,0,0,0,0,0,0,0,0,0,0,0,0,0,0,0,0,0,0,0,0,0,0,0,0,0,0,0,0,0,0,0,0,0,0,0
Oxalobacter formigenes,0,0,0,0,0,0,0,0,0,0,0,0,0,0,0,0,0,0,0,0,0,0,0,0,0,0,0,0,0,0,0,0,0,0,0,0,0,0,0,0,0,0,0,0,0,0,0,0,0,0,0,0,0,0,0,0
Lacrimispora xylanolytica/Lachnoclostridium pacaense/Lacrimispora saccharolytica/Lacrimispora indolis/Lacrimispora amygdalina/[Clostridium] methoxybenzovorans/Lacrimispora sphenoides/Lacrimispora algidixylanolytica/Lacrimispora celerecrescens,0.02,0.99,0.02,0.01,0.01,0.01,0.02,0.01,0.01,0,0.01,0.01,0.01,0,0.01,0,0,0,1,0.02,0,0,0.01,0,0,0.01,0.01,0.01,0,0.01,0.01,0.01,0,0,0,0.01,0,0.98,0,0.01,0,0,0.01,0,0,0,0,0,0,0,0,0,0,0,0,0
Ruminococcus champanellensis/Solibaculum mannosilyticum/Ruminococcus callidus/Anaerotruncus rubiinfantis/[Clostridium] methylpentosum,0,0.11,0.54,0,0.11,0,0,0.18,0.18,0,0,0,0.18,0.18,0,0.18,0.11,0,0,0,0,0,0,0.11,0.18,0,0.18,0,0,0,0,0,0,0,0.18,0,0,0,0.18,0,0,0,0,0,0,0,0,0,0,0,0,0,0,0,0,0
Clostridium septicum,0.5,1,1,0.5,0,0.5,1,0.5,0,0.5,0.5,0,0,0,0,0.5,0,0,0,1,0,0,0,0,0,0,0,0,0,0.5,0,0,0,0,0,1,0,0,0,1,0.5,0.5,0,0.5,0,0,0,0,0,0,0,0,0,0,0,0
Gemella haemolysans/morbillorum/parahaemolysans/sanguinis/taiwanensis,1,1,1,0.13,0.13,0.13,0.13,0.75,0,1,1,0,0.13,0.13,0,0.13,0,0,0,0.13,0,0,0,0,0,0,0.13,0,0,0,0.5,0,0.5,0,0.13,0,0,0,0,0.13,0.13,0,0.13,0.38,0,0,0,0,0,0.38,0.13,0,0,0,0,0
Lusitaniella coriacea/Capilliphycus flaviceps/Capilliphycus tropicalis/Arthrospira platensis/Neolyngbya tenuis/Neolyngbya irregularis/Capilliphycus guerandensis/Hillbrichtia pamiria/Leucobacter chromiiresistens/Jaaginema litorale/Capilliphycus salinus/Cyanobacterium aponinum/Planktothrix tepida/Baaleninema simplex/Pleurocapsa minor/Odorella benthonica/Leucobacter alluvii/Porphyrosiphon annulatus/Affixifilum granulosum/Neolyngbya maris-brasilis/Pleurocapsa fuliginosa/Limnoraphis robusta/Neolyngbya arenicola/Lyngbya aestuarii,1,1,1,1,1,1,1,1,0,1,0,1,1,1,1,1,1,1,0,0,1,0,1,1,1,1,0,1,1,0,1,1,0,0,1,0,0,0,1,0,0,0,0,0,0,0,0,0,0,0,0,0,0,0,0,0
Anaerococcus senegalensis,1,1,1,1,0,0,0,0,1,1,1,0,0,0,0,0,1,0,0,0,0,0,0,0,0,0,0,0,0,0,0,0,1,0,0,0,0,0,0,1,0,1,0,0,0,0,0,0,0,0,0,0,0,0,0,0
Lawsonibacter asaccharolyticus/Intestinimonas butyriciproducens/Pseudoflavonifractor phocaeensis,0.19,0,0.19,0.19,1,0,0.19,0.19,0,0.61,0,0,0,0,0,0,0,0,0.19,0,0,0.61,0,0,0,0,0,0,0,0,0,0,0,0,0,0,0.61,0,0,0,0,0,0,0,0.41,0,0,0,0,0,0,0,0,0,0,0
Oceanobacillus indicireducens,0.5,1,0.5,0.5,0,0.5,1,0,0,0.5,1,0.5,0,0,0.5,0,0,0,0.5,0.5,0,0.5,0,0,0,0,0,0,0,0.5,1,0,0,1,0,0.5,0,0,0,0.5,0.5,0,0,0.5,0,0,0,0,0,0.5,0,0,0,0,0,0
Blautia luti/Murimonas intestini,1,0.74,0.46,1,0.47,0.4,0.6,0.6,0.12,0.34,0.6,0.86,0.81,0.27,0.53,0.27,0.07,0.2,0.07,0.46,0.66,0.4,0.07,0.07,0.2,0.33,0.8,0.74,0.6,0.8,0,0.33,0.33,0,0.6,0.06,0.13,0.2,0,0,0,0.07,0,0,0,0.27,0,0,0,0,0,0,0,0,0,0
Longicatena caecimuris,0.5,1,1,0,0,1,1,0,0,0,1,0,0,0,0,0,0,0.5,0,0,0,1,0,0,0,0,0,0,0,0,0.5,0,0,0,0,0.5,1,0,0,0,1,0,0,0,0,0,0,0,0,0,0,0,0,0,0,0
Hungatella effluvii,1,1,1,1,1,1,1,1,0.5,1,1,1,0,0.5,0,1,1,1,0.5,1,1,1,1,1,0,1,1,1,0,0,0,1,0,1,1,1,1,0,0,0,0,0,0,0,0,1,0,0,0,0,0,0,0,0,0,0
Lacticaseibacillus rhamnosus,0.89,0.89,0.89,0,0.67,0,0.89,0.89,0.63,0,0.89,0,0,0.89,0,0.67,0,0,0,0.89,0,0,0,0,0.26,0,0,0,0.89,0.89,0.89,0,0.89,0.89,0.26,0,0,0,0,0,0.89,0,0.63,0.89,0,0.89,0.78,0.89,0,0,0.26,0,0,0,0,0
Corynebacterium tuberculostearicum,1,1,1,1,1,0,0,1,1,0,1,0,0,0,0,0,0,0,0,0,0,0,0,0,0,0,0,0,0,0,0,0,0,1,0,0,0,0,0,0,0,0,0,0,0,0,0,0,0,0,0,0,0,0,0,0
Prevotella dentalis/Massiliprevotella massiliensis/Hallella seregens/Prevotella colorans/Prevotella oris,1,1,1,1,1,1,0,1,0,0,0,1,1,0,1,0.2,0.8,0.8,0,0,1,0,1,1,0,1,0,0,1,0,0,0.4,0,0,0,0,0,0,0.2,0,0,0,0,0,0,0,0,0,0,0,0,0,0,0,0,0
Bacteroides gallinaceum,1,1,1,1,1,1,0.9,1,0.8,0.9,0.1,0.9,1,0.1,0.9,1,0.9,1,0.9,0,0.7,0,0.6,0.9,0.7,0.9,0,0.1,0.7,0,0,0.9,0,0,0.7,0.9,0,0,0.9,0,0,0,0,0,0,0,0,0,0,0,0,0,0,0,0,0
Clostridium acetireducens/botulinum/combesii/sporogenes/tepidum/vulturis,1,0,1,0,0,1,1,0,0,0,0.25,0,0,0,0,0,0,0,0,1,0,0,0,0,0,0,0,0,0,0,0,0,1,0,0,0.75,0,0,0,0,0,0.75,0,0,0,0,0,1,0,0,0,0,0,0,0,0
Anaerotruncus colihominis,0,0,0,0,1,1,0,0,1,1,0,0,0,0,0,0,0,0,0,0,0,0,0,0,1,0,0,0,0,0,0,0,0,0,0,0,0,0,0,0,0,0,0,0,0,0,0,0,0,0,0,0,0,0,0,0
Eggerthella lenta,0,0,0,0,0,0,0,0,0,1,0,0,0,0.4,0,0,0,0,0,0,0,0,0,0,0,0,0,0,0,0,0,0,0,0,0,0,0,0,0,0,0,0,0,0,0,0,0,0,0,0,0,0,0,0,0,0
Lactobacillus amylovorus/ultunensis,1,1,1,1,0,0.67,1,1,0,0,1,0,0,1,0,0,0,0,0,0.33,0,0,0,0,0,0,1,0,0,0,0.67,0,0,0,0,0,0,0,0,0,0,0,0,0,0,0,0,0,0,0,0,0,0,0,0,0
Sporobacter termitidis/Colidextribacter massiliensis,0,0,0,0,0,0,0,0,0,0,0,0,0,0,1,0,0,0,0,0,0,0,0,0,0,0,0,0,0,0,0,0,0,0,0,0,0,0,0,0,0,0,0,0,0,0,0,0,0,0,0,0,0,0,0,0
[Clostridium] symbiosum,0.17,1,1,0.17,1,0,0,0,1,1,0,0,1,0.17,0,0,0,1,1,0,0,1,0,0,0,0,0,0.83,0,1,1,0,0,1,0,0,1,0,0,0,0,0,0,0,0,0,0,0,0,0,0,0,0,0,0,0
Haemophilus pittmaniae,1,1,1,0,1,0.5,0,1,0,1,1,0,0,0,0,0,0,0,0,0,0,0,0,0,0,0,0,0,0,0.5,0,0,0,0.5,0,0,0,0,0,0.5,0,0,0,0,0,0,0,0,0,0,0,0,0,0,0,0
Ligilactobacillus ruminis,1,1,1,1,0.4,0.2,1,1,0,0.2,0.8,0.2,0.2,1,0.2,0.2,0.2,0.2,0,0.2,0.2,0,0.2,0.2,0.2,0.2,0,0.2,0.2,0,0,0.2,0,0,0.2,0,0,0.2,0.2,0,0,0,0,0,0,0,0,0,0,0,0,0,0,0,0,0
Blautia hansenii/hominis/marasmi,1,0.5,0.17,1,1,0.67,0.17,0.17,0,0.67,0.5,0.5,1,0.5,0,0.83,0.17,0.33,0.17,0,0.33,0.67,0.17,0.17,0,0.67,0.67,0.5,0,0.5,0,0.5,0,0,0.17,0,0,0,0.17,0,0,0,0,0,0,0.5,0,0,0,0,0,0,0,0,0,0
Lawsonibacter asaccharolyticus/Intestinimonas butyriciproducens/Pseudoflavonifractor phocaeensis/Sporobacter termitidis/Colidextribacter massiliensis,0.25,0,0,0.25,1,0,0,0,0,0.75,0,0,0,0,0,0,0,0,0,0,0,0.75,0,0,0,0,0,0,0,0,0,0,0,0,0,0,0.75,0,0,0,0,0,0,0,0.5,0,0,0,0,0,0,0,0,0,0,0
Hungatella hathewayi/Kineothrix alysoides/Merdimonas faecis,0.75,0.5,0.5,0.38,0.63,0.5,0.63,0.13,0.75,0.5,0.88,0.38,0.13,0,0.13,0.38,0.13,0.25,0.75,0.88,0.13,0.25,0.13,0.13,0,0.38,0.25,0.25,0,0,0,0.13,0,0.13,0,0,0.13,0.13,0,0.13,0,0.13,0,0,0,0.13,0,0,0,0,0.13,0,0,0,0,0
Veillonella atypica,0,1,0,0,0,0,0,0,1,0,0,0,0,0,0,0,0,0,0,0,0,0,0,0,0.2,0,0,0,0,0,0,0,0,0,0,0,0,0,0,0,0,0,0,0,0,0,0,0,0,0,0,0,0,0,0,0
Lancefieldella parvula,1,1,1,1,1,0,1,0,0,1,1,0,0,0,0,0,0,0,0,1,0,0,0,0,0,0,0,0,0,0,0,0,0,0,0,1,0,0,0,0,1,0,0,0,0,0,1,0,0,0,0,0,0,0,0,0
Faecalicoccus acidiformans,0.52,0.66,0.85,0,0,0.66,1,0.19,0,0,1,0,0,0,0,0,0,0.33,0,0,0,0.66,0,0,0,0,0,0,0,0,0.67,0,0,0,0,0.33,0.66,0,0,0.19,1,0,0,0,0,0,0,0,0,0,0,0,0,0,0,0
Anaerotaenia torta/Anaerostipes hadrus/Anaerobium acetethylicum/[Clostridium] populeti/Variimorphobacter saccharofermentans/Mobilitalea sibirica/Anaerocolumna cellulosilytica/Herbinix hemicellulosilytica/Lachnotalea glycerini/Herbinix luporum,0.71,0.86,0.86,0.14,0.71,0.86,0.71,0.86,0.14,0.14,0.71,0,0,0.71,0.14,0.43,0,0,0.71,0.14,0.14,0.14,0.14,0,0.14,0,0.29,0.14,0.14,0.57,0.71,0.14,0.71,0.14,0.14,0,0,0,0.14,0,0,0.14,0,0.43,0,0,0,0,0,0,0,0,0,0,0,0
Mitsuokella jalaludinii,0,1,1,0,0,0,1,1,1,0,1,0,0,1,1,0,0,0,1,0,0,0,0,0,0,0,0,0,0,1,0,0,1,0,0,1,0,0,0,0,0,0,0,0,0,0,0,0,0,0,0,0,0,0,0,0
Mitsuokella multacida,0.32,1,1,0.32,0.32,0.32,1,1,0.68,0.32,1,0.68,0.32,1,0.68,0.32,0,0,0.68,0.32,0,0,0,0,0,0,0.32,0,0.68,0.68,0.68,0,0.68,0,0.32,0.68,0,0,0,0.32,0.32,0,0.32,0,0,0,0,0,0,0,0.32,0,0,0,0,0
Agathobacter ruminis/Falcatimonas natans/Roseburia intestinalis/Butyribacter intestini/Pseudobutyrivibrio ruminis/Roseburia hominis/Eubacterium ramulus/[Eubacterium] rectale/Muricomes intestini/Roseburia faecis/Faecalicatena orotica,1,1,1,1,0,0,0,0,0,0,0,0,0,1,0,0,0,0,0,0,0,0,0,0,0,0,1,1,0,0,0,0,0,0,0,0,1,0,0,0,0,0,0,0,1,0,0,0,0,0,0,0,0,0,0,0
Desulfovibrio desulfuricans/intestinalis/legallii/simplex,0,0,0,0,0,0,0,0,0,0,1,0,0,0,0,0,0,0,0,0,0,0,0,0,0,0,0,0,0,0,0,0,0,0,0,0,0,0,0,0,0,0,0,0,0,0,0,0,0,0,0,0,0,0,0,0
Oribacterium sinus/Enterocloster clostridioformis/Lachnoclostridium pacaense/Enterocloster bolteae/Lacrimispora indolis/Lacrimispora amygdalina/[Clostridium] methoxybenzovorans/Enterocloster aldenensis,1,0,1,1,1,0,0,0,1,0,0,0,0,0,0,0,0,0,0,0,0,0,0,0,0,0,0,0,0,0,0,0,0,0,0,0,0,0,0,0,0,0,0,0,0,0,0,0,0,0,0,0,0,0,0,0
Peptoniphilus lacrimalis,0,0,0,0,0,0,0,0,0,0,0,0,0,0,0,0,0,0,0,0,0,0,0,0,0,0,0,0,0,0,0,0,0,0,0,0,0,0,0,0,0,0,0,0,0,0,0,0,0,0,0,0,0,0,0,0
Phocaeicola barnesiae,1,1,1,1,1,1,1,1,0,1,0,1,1,0,1,1,0,1,0,0,0,0,0,0,1,0,0,0,0,0,0,1,0,0,1,0,0,0,1,0,0,0,0,0,0,0,0,0,0,0,0,0,0,0,0,0
Acetivibrio cellulolyticus/Sporobacter termitidis,0,0,0,0,0,0,0,0,0,0,0,0,0,0,1,0,0,0,0,0,0,0,0,0,0,0,0,0,0,0,0,0,0,0,0,0,0,0,0,0,0,0,0,0,0,0,0,0,0,0,0,0,0,0,0,0
Sporobacter termitidis/Flintibacter butyricus,0,0,0,0,0,0,0,0,0,0,0,0,0,0,1,0,0,0,0,0,0,0,0,0,0,0,0,0,0,0,0,0,0,0,0,0,0,0,0,0,0,0,0,0,0,0,0,0,0,0,0,0,0,0,0,0
Lachnoclostridium pacaense/Hungatella effluvii,1,1,1,0.75,0.75,0.75,0.75,1,0.75,1,1,0.75,0.25,0.25,0.25,0.75,1,0.75,0.5,0.75,0.5,0.75,0.75,1,0.5,1,0.75,0.75,0,0,0,0.5,0.25,0.5,0.5,0.5,0.75,0,0,0,0,0,0.25,0,0,0.5,0,0,0,0,0.25,0,0,0,0,0
Sporosarcina aquimarina/koreensis/luteola/newyorkensis/saromensis/ureae,1,1,1,1,0,1,1,0,0,0,0,0,0,0,0,0,0,0,0,0,0,0,0,0,0,0,0,0,0,0,0,0,0,1,0,0,0,0,0,0,0,0,0,0,0,0,0,0,0,0,0,0,0,0,0,0
Lactiplantibacillus argentoratensis/Lactiplantibacillus plantarum/Latilactobacillus graminis/Agrilactobacillus composti/Lactiplantibacillus paraplantarum/Lactiplantibacillus fabifermentans/Latilactobacillus fuchuensis/Lactiplantibacillus pentosus,1,1,1,1,0,1,1,1,1,0.86,1,0,0,1,0,0.43,0.14,0,0.57,1,0.14,0,0.14,0.14,0,0,0,0,0.43,0.14,1,0,1,1,0,0.14,0,0,0,0,0,0.14,0.14,0,0,0,0,0,0,0.86,0,0,0,0,0,0
Blautia faecis/luti/schinkii/stercoris,0.17,0.83,0.17,0.17,0.17,0,0.17,1,0.17,0.17,0,0,1,0,0.83,0.17,0,0,0,0.17,0.17,1,0,0,0.17,0.17,0.17,0,1,0.17,0,0.67,0.67,0,0.17,0,0,0,0.17,0,0,0,0,0.17,0,0,0,0,0,0,0,0,0,0,0,0
Anaerotignum aminivorans/faecicola/neopropionicum/propionicum,0,0,0,0,0,0,0,0,0,0,0,0,0,0,0,0,0,0,0,0,0,0,0,0,0,0,0,0,0,0,0,0,0,0,0,0,0,0,0,0,0,0,0,0,0,0,0,0,0,0,0,0,0,0,0,0
Emergencia timonensis/Ihubacter massiliensis/[Eubacterium] saphenum/Sinanaerobacter chloroacetimidivorans,0,0,0,0,0,0,0,0,0,0,0,0,0,0,0,0,0,0,0,0,0,0,0,0,0,0,0,0,0,0,0,0,0,0,0,0,0,0,0,0,0,0,0,0,0,0,0,0,0,0,0,0,0,0,0,0
Ruminococcus flavefaciens,0,1,0,0,0,0,0,0,0,0,0,0,0,0,0,0,0,0,0,0,0,0,0,0,0,0,0,0,0,0,0,1,0,0,0,0,0,0,0,0,0,0,0,0,0,0,0,0,0,0,0,0,0,0,0,0
Ruminococcus champanellensis/Acetivibrio thermocellus/Ruminococcus flavefaciens/Anaeromassilibacillus senegalensis/Acetivibrio clariflavus/Tepidibaculum saccharolyticum/[Clostridium] viride/Ruminococcus albus/Defluviitalea saccharophila/Ruminococcus callidus/Defluviitalea raffinosedens/Monoglobus pectinilyticus/Acutalibacter muris/Caproicibacter fermentans/Anaerostipes caccae/Eubacterium ruminantium/Anaerotruncus colihominis/Papillibacter cinnamivorans,0,1,0,0,0,0,0,0,0,0,0,0,0,0,0,0,0,0,0,0,0,0,0,0,0,0,0,0,0,0,0,1,0,0,0,0,0,0,0,0,0,0,0,0,0,0,0,0,0,0,0,0,0,0,0,0
Murimonas intestini/Blautia obeum,0.82,0.01,0.99,0.82,0.15,0.5,0.82,0.51,0.82,0,0,0.81,0.66,0.18,0.85,0,0,0.49,0.84,0,0.31,1,0,0,0.48,0,0.66,0.82,0.67,0.67,0,0.02,0.85,0,0.49,0,0.01,0,0,0,0,0,0,0,0,0,0,0,0,0,0,0.51,0,0,0,0
[Clostridium] innocuum,1,1,1,0,0,0.13,1,0.89,0,0,1,0,0,0,0,1,0,0,0,1,0,1,0,0,0,0,0.89,0,0,0,1,0.11,1,0,0,0.13,1,0,0,0,1,0,0,0.75,0,0,0,0,0.11,0,0,0,0,0,0,0
Serratia marcescens/nematodiphila/surfactantfaciens,1,1,1,1,1,1,1,1,1,0,1,0,0,0,0,0,1,1,0,1,0,0,0,0,1,0,0,0,0,1,1,0,1,1,0,1,0,0,0,0,1,0,0,0,0,0,0,0,0,0,1,1,0,0,0,0
Acetivibrio cellulolyticus/Sporobacter termitidis/[Clostridium] viride,0,0,0,0,0,0,0,0,0,0,0,0,0,0,1,0,0,0,0,0,0,0,0,0,0,0,0,0,0,0,0,0,0,0,0,0,0,0,0,0,0,0,0,0,0,0,0,0,0,0,0,0,0,0,0,0
Oribacterium sinus,1,0,0,1,1,1,0,0,1,1,0,0,1,0,0,0,0,0,0,0,0,1,0,0,1,0,1,0,0,1,0,0,0,0,0,0,0,0,0,0,0,0,0,0,0,0,0,0,0,0,0,0,0,0,0,0
Blautia argi,0.85,0.69,0.77,0.85,0.08,0.46,0.84,0.76,0.23,0.08,0.46,0.84,0.69,0.31,0.92,0.01,0,0.23,0.39,0.38,0.46,0.54,0,0,0.31,0.01,0.84,0.92,0.92,0.84,0,0.01,0.76,0,0.69,0,0.23,0.15,0,0,0,0,0,0,0,0,0,0,0,0,0,0.23,0,0,0,0
Sporosarcina pasteurii/siberiensis/terrae,0.67,0.78,0.78,0.56,0.22,0.44,0.33,0.23,0.22,0,0.33,0.22,0.11,0,0.33,0.11,0,0,0,0.56,0,0,0.11,0,0,0,0,0.11,0.22,0.33,0.44,0,0,0.66,0,0.33,0.23,0,0,0.11,0,0.12,0,0.33,0.22,0,0,0,0,0.33,0,0,0,0,0,0
Bifidobacterium angulatum/merycicum,1,1,1,1,0,0,0.5,1,0,0,0,1,1,1,0,0,0,0,1,0,0,0,0,0,0,1,0,1,0,0,1,0.5,0.5,0.5,0,0,0,1,0,0,0,0,0,0,0,0,0,0,0,0,0,0.5,0,1,0,0
Faecalimonas umbilicata,1,1,0,1,1,1,1,0,0.25,0.5,0,0,1,1,0,0,0.75,1,0,0,0,1,0,0,1,0,1,0,0,0,0,0,0,0,1,0,0,0,0,0,0,0,0,0,0,0,0,0,0,0,0,0,0,0,0,0
Pseudogracilibacillus marinus,1,1,0.5,1,0,0,1,0.5,0,0.5,1,0.5,0,0,0,0,0,0,1,0,0.5,1,0,0,0,0,0.5,0,0,0,1,0.5,0,0.5,0,0.5,0,0,0,0,0.5,0,0,0,0,0,0,0.5,0,0,0.5,0,0,0,0,0
Corynebacterium coyleae/ihumii/mucifaciens/pilbarense,1,1,0.88,1,0.38,0.5,0.13,0.25,0.13,0.38,0.5,0,0,0,0,0,0,0,0,0.13,0,0,0,0,0.13,0,0,0,0,0.25,0.13,0,0,0.88,0,0,0,0,0,0,0,0,0,0,0,0.13,0,0,0,0,0,0.13,0,0,0,0
Butyricimonas faecihominis/paravirosa/phoceensis,0,0,0,0,1,0,0,0,0,0,1,0,0,0,0,1,0,0,0,0,0,0,0,0,0,0,0,0,0,0,0,0,0,0,0,0,0,0,0,0,0,0,0,0,0,0,0,0,0,0,0,0,0,0,0,0
Longibaculum muris,0.74,1,0.98,0,0.02,0.74,1,1,0,0,1,0,0,0.02,0,0.74,0,0.73,0,0.27,0,0.98,0,0,0,0,0,0,0,0,0,0,0,0,0,0.98,0.02,0.26,0,0,0,0,0.73,0.73,0,0,0,0,0,0,0,0,0,0,0,0
Anaerobium acetethylicum/Parasporobacterium paucivorans,0.5,0.5,0.5,0.5,0.5,0.5,0,0.5,0.5,0.5,0,0,0,0.5,0.5,0.5,0,0,0,0,0.5,0.5,0.5,0,0.5,0,0.5,0.5,0,0,0,0.5,0,0.5,0.5,0,0,0,0.5,0,0,0.5,0,0,0,0,0,0,0,0,0,0,0,0,0,0
Desulfovibrio legallii,0,0,0,0,0,0,0,0,0,0,1,0,0,0,0,0,0,0,0,0,0,0,0,0,0,0,0,0,0,0,0,0,0,0,0,0,0,0,0,0,0,0,0,0,0,0,0,0,0,0,0,0,0,0,0,0
Prevotella jejuni,1,1,1,1,1,1,0,1,0,1,0,0,1,0,0,0,0,1,0,0,0,0,0,0,0,0,0,0,0,0,0,0,0,0,0,0,0,0,0,0,0,0,0,0,0,0,0,0,0,0,0,0,0,0,0,0
Bacteroides rodentium,1,0.9,1,1,1,1,0.9,0.9,0.8,0.9,0.1,1,0.9,0.1,1,1,1,1,0.9,0,0.8,0,0.7,1,0.7,0.9,0,0.1,0.8,0,0,1,0,0,0.7,1,0,0,0.9,0,0,0,0,0,0,0,0,0,0,0,0,0,0,0,0,0
Lactobacillus gasseri/hominis/johnsonii/taiwanensis,1,0.89,0.22,1,0.78,0,1,1,1,0,1,0,0,1,0,0,0,0,0,0.89,0,0,0,0,0,0,0,0,0,0,0,0,0,0,0,0.11,0,0,0,1,1,0,0,0,0,0,1,0.89,0,0,0,0,0,0,0,0
Prevotella buccae/Prevotella marshii/Prevotella shahii/Prevotella enoeca/Prevotella salivae/Marseilla massiliensis/Prevotella timonensis/Prevotella stercorea/Prevotella paludivivens/Prevotella bryantii/Prevotella copri/Prevotella albensis/Prevotella saccharolytica/Prevotella ihumii/Prevotellamassilia timonensis/Prevotella oralis/Prevotella oris/Metaprevotella massiliensis,1,1,1,1,1,0,1,1,0,0,0,1,1,0,1,0,1,0,0,0,1,0,1,1,0,0,0,0,1,0,0,1,0,0,0,0,0,0,0,0,0,0,0,0,0,0,0,0,0,0,0,0,0,0,0,0
Blautia hansenii/Falcatimonas natans/Lachnoclostridium pacaense/Blautia hominis/Blautia coccoides/Fusicatenibacter saccharivorans/Lacrimispora indolis/Blautia argi/[Ruminococcus] lactaris/Blautia producta/Murimonas intestini/Blautia luti/Blautia faecis/Blautia marasmi/Blautia stercoris,0.67,0.73,0.27,0.6,0.67,0.4,0.27,0.53,0.07,0.4,0.4,0.4,0.87,0.27,0.4,0.4,0.2,0.2,0.2,0.13,0.33,0.67,0.2,0.2,0,0.4,0.4,0.33,0.33,0.33,0.07,0.6,0.27,0.07,0.13,0.07,0,0.07,0.07,0.07,0,0.13,0.07,0.07,0,0.27,0,0,0,0,0,0,0,0,0,0
Faecalicatena orotica,1,1,0.46,1,0.66,0.81,0.96,0.42,0.57,0.16,0.16,0.54,0.81,0.43,0.35,0.16,0.39,0.5,0.43,0.65,0.46,0.62,0.24,0.16,0.65,0.54,0.88,0.27,0.41,0.35,0.31,0.54,0,0.16,0.65,0.31,0.08,0,0,0.49,0,0.16,0.16,0.27,0,0,0,0.16,0,0,0,0,0,0,0.08,0
Weissella bombi/cibaria/confusa/hellenica/sagaensis,1,1,0.5,0,0,1,1,1,1,0,1,1,0,1,1,0,0.5,0,0.5,0,0,0,0,0,0,0.5,0,0,0,0,0,1,0,1,0,0,0,0,0,0,0,0,0,0,0,0,0,0,0,0,0,0,0,0,0,0
Fusobacterium equinum,1,0,1,0,1,1,0,0,0,1,0,0,0,0,0,0,0,0,0,0,0,0,0,0,0,0,0,0,0,0,0,0,0,0,0,0,0,0,0,0,0,0,0,0,0,0,0,0,0,0,0,0,0,0,0,0
Oscillibacter valericigenes/Dysosmobacter welbionis/Oscillibacter ruminantium,0,0,0,0,0.5,0,0.5,0,0.5,0,0,0,0,0,1,0,0,0,0.5,0,0,0,0,0,0,0,0,0,0,0,0,0,0,0,0,0,0,0,0,0,0,0,0,0,0,0,0,0,0,0,0,0,0,0,0,0
Eubacterium oxidoreducens/Butyribacter intestini,0.87,0.86,0.19,0.87,0.96,0.77,0.85,0.28,0.04,0.04,0.04,0.83,0.48,0.97,0.02,0.81,0.58,0.36,0,0.02,0.51,0.49,0.6,0.58,0.17,0.8,0.37,0.47,0.03,0.46,0,0.03,0.34,0.02,0.15,0.01,0.03,0.81,0.47,0.01,0,0.01,0.12,0,0.01,0.01,0,0,0,0,0,0,0,0,0.21,0
Agathobacter ruminis/Roseburia intestinalis/Pseudobutyrivibrio ruminis/Eubacterium ramulus/Roseburia hominis/[Eubacterium] rectale/Roseburia faecis/Faecalicatena orotica/Pseudobutyrivibrio xylanivorans,1,1,1,1,0,0,0,0,0,0,0,0,0,1,0,0,0,0,0,0,0,0,0,0,0,0,1,1,0,0,0,0,0,0,0,0,1,0,0,0,0,0,0,0,1,0,0,0,0,0,0,0,0,0,0,0
Blautia glucerasea,0.36,0.6,0.5,0.36,0.2,0.32,0.29,0.79,0.36,0.1,0,0.15,0.72,0.25,0.8,0.1,0,0.21,0.3,0.1,0.14,1,0,0,0.18,0.1,0.32,0.19,0.76,0.36,0,0.51,0.8,0,0.28,0,0.21,0,0.1,0,0,0,0,0.1,0,0,0,0,0,0,0,0.22,0,0,0,0
Sarcina ventriculi,0.67,1,1,0.67,0.67,0.67,0.17,0.5,0.67,0.67,0.67,0,0.17,0,0.17,0.67,0,0,0,0.67,0,0,0,0,0.33,0,0.33,0,0,0.83,0.33,0,0.17,0,0.5,0,0,0,0,0,0.5,0,0.33,0,0,0,0,0,0,0,0,0,0,0,0,0
Bacteroides caecicola,1,1,1,1,1,1,0,1,0,0.5,0,0.5,1,0,0.5,1,0.5,0.5,0.5,0,0.5,0,0.5,0.5,0.5,0.5,0,0,0.5,0,0,0.5,0,0,0.5,0,0,0,0.5,0,0,0,0,0,0,0,0,0,0,0,0,0,0,0,0,0
Pseudoflavonifractor capillosus/Pseudoflavonifractor phocaeensis/Flintibacter butyricus,0,1,1,0,1,1,0,0,0,1,0,1,1,0,1,0,0,1,0,0,0,1,0,0,0,0,1,0,0,0,0,0,1,0,0,0,0,0,0,0,0,0,0,0,0,0,0,0,0,0,0,0,0,0,0,0
Cloacibacillus evryensis,0,0,0,0,0,0,0,0,0,0,0,0,0,0,0,0,1,0,0,0,0,0,0,1,0,0,0,0,0,0,0,0,0,1,0,0,0,0,0,0,0,0,0,0,0,0,0,0,0,0,0,0,0,0,0,0
Butyricicoccus pullicaecorum/Intestinibacillus massiliensis/Agathobaculum desmolans,1,0,1,1,0,0,1,1,0,1,1,0,0,0,0,0,0,0,0,1,0,0,0,0,0,0,0,0,0,1,1,0,1,0,0,0,0,0,0,0,0,0,0,0,0,0,0,0,0,0,0,0,0,0,0,0
Veillonella ratti/seminalis,0,1,0,0,1,0,0,0,1,0,0,0,0,0,0,0,0,0,0,0,0,0,0,0,0.5,0,0,0,0,0,0,0,0,1,0,0,0,0,0,0,0,0,0,0,0,0,0,0,0,0,0,0,0,0,0,0
[Clostridium] saccharogumia,1,1,1,0,0.29,0.71,1,1,0,0,1,0,0,0.71,0,1,0,0.71,0,0.71,0,0.71,0,0,0,0,0,0,0,0,0,0,0,0,0,0.71,0,1,0,0.14,0.29,0,0,0,0,0,0.29,0,0,0,0,0,0,0,0,0
Leptotrichia wadei,1,1,1,0,0,0,1,0,0,0,1,0,0,1,0,0,0,0,0,1,0,0,0,0,0,0,0,0,0,0,0,0,0,0,0,1,0,0,0,0,0,0,0,0,0,0,0,0,0,0,0,0,0,0,0,0
Adlercreutzia equolifaciens,0,0,0,0,0,0,0,0,0,0,0,0,0,0,0,0,0,0,0,0,0,0,0,0,0,0,0,0,1,0,0,0,0,0,0,0,0,0,0,0,0,0,0,0,0,0,0,0,0,0,0,0,0,0,0,0
[Clostridium] scindens,1,1,0,1,1,0.5,0,0,1,1,0,0,0,0.5,0,0,0,0,0,0,0,1,0,0,0.5,0,0,1,0,0,0,0,0,1,0.5,0,0,0,0,0,0,0.5,0,0,0,0,0,0,0,0,0,0,0,0,0,0
Oscillibacter valericigenes/Sporobacter termitidis/Monoglobus pectinilyticus/Oscillibacter ruminantium/Acetivibrio cellulolyticus,0,0,0,0,0.5,0,0.5,0,0.5,0,0,0,0,0,1,0,0,0,0,0,0,0,0,0,0,0,0,0,0,0,0,0,0,0,0,0,0,0,0,0,0,0,0,0,0,0,0,0,0,0,0,0,0,0,0,0
Butyricimonas virosa,0,0,0,0,1,0,0,0,0,0,1,0,0,0,0,1,0,0,0,0,0,0,0,0,0,0,0,0,0,0,0,0,0,0,0,0,0,0,0,0,0,0,0,0,0,0,0,0,0,0,0,0,0,0,0,0
Bacteroides caecigallinarum,1,0.7,0.55,1,0.55,1,0.6,0.7,0,0.58,0,0.43,0.7,0,0.43,0.55,0.28,0.73,0.28,0,0.43,0,0.43,0.43,0.58,0.28,0,0,0.43,0,0,0.28,0,0,0.58,0.45,0,0,0.43,0,0,0,0,0,0,0,0,0,0,0,0,0,0,0,0,0
Acinetobacter septicus/ursingii,0,0.33,0,0,0,0,0,0,0,0,0,0,0,0,0,0,0,0,0,0,0,0,0,0,0,0,0,0,0,0,0,0,0,0,0,0,0,0,0,0,0,0,0,0,0,0,0,0,0,0,0,0,0,0,0,0
Leptotrichia shahii/Leptotrichia buccalis/Leptotrichia hofstadii/Leptotrichia trevisanii/Leptotrichia hongkongensis/Pseudoleptotrichia goodfellowii/Leptotrichia wadei,1,1,1,0,0,0,1,0.97,0,0,1,0,0,1,0,0,0,0,0,0.03,0,0,0,0,0,0,0.97,0,0,0,0,0,0,0,0,0.03,0,0,0,0,0,0,0,0,0,0,0,0,0,0,0,0,0,0,0,0
Parabacteroides gordonii,0.05,1,1,0.05,1,1,0,1,0.05,1,1,1,1,0,1,1,1,1,0.95,0,1,0,0,1,0,0.95,0,0,1,0,0,0,0,0,0,0,0,0,0,0,0,0,0,0,0,0,0,0,0,0,0,0,0,0,0,0
Comamonas jiangduensis/kerstersii/terrae,0,0,0,0,0,0,0,0,0,0,0,0,0,0,0,0,0,0,0,0,0,0,0,0,0,0,0,0,0,0,0,0,0,1,0,0,0,0,0,0,0,0,0,0,0,0,0,0,0,0,0,0,0,0,0,0
Enterocloster aldenensis,1,1,1,1,1,0.5,1,1,0.5,0,1,1,0.5,0,1,0.5,0.5,0.5,1,1,0.5,0.5,1,0.5,0,1,1,0.5,0.5,1,1,1,0,0.5,0,1,0,0,0,1,0,0.5,1,1,0,0,0,0,0,0,0,0,0,0,0,0
Faecalicatena orotica/Lachnobacterium bovis,1,1,1,1,0,0,0.67,1,0,0,1,0,0.67,0,0,0,0,0,0.33,0,0,0,0,0,0,1,0,0,0,0,0,0,0,0,0,0,0,1,0,0,0,0,0,0,0,0,0,0,0,0,0,0,0,0,0,0
Acutalibacter muris/Neglectibacter timonensis/Ruminococcoides bili/Ruminococcus bromii,0.5,0.5,0,0.5,0,0,0,0,0,0,0,0.5,0,0,0,0,0,0,0,0,0,0,0,0,0,0,0,0,0,0,0,0,0,0,0,0,0,0,0,0,0,0,0,0,0,0,0,0,0,0,0,0,0,0,0,0
Hungatella hathewayi/Frisingicoccus caecimuris/Hungatella effluvii,0.88,0.63,0.63,0.5,0.75,0.75,0.88,0.38,0.75,0.75,1,0.5,0.13,0.13,0.13,0.5,0.38,0.5,0.75,1,0.38,0.5,0.38,0.38,0,0.5,0.5,0.5,0,0,0,0.25,0,0.38,0.25,0.25,0.38,0,0,0.13,0,0.13,0,0,0,0.38,0,0,0,0,0.13,0,0,0,0,0
Bacteroides caccae/Bacteroides intestinalis/Alloprevotella rava,1,0,1,1,1,0,0,0,0,1,0,0,0,0,0,0,0,0,0,0,0,0,0,0,0,0,0,0,0,0,0,0,0,0,0,0,0,0,0,0,0,0,0,0,0,0,0,0,0,0,0,0,0,0,0,0
Ruthenibacterium lactatiformans/Fournierella massiliensis,1,0.4,0.4,1,0.8,0.8,1,0.2,0.2,0.8,0,0.2,0.4,0.2,0.2,0,0.8,0.8,0.2,0,0.6,0.8,0.2,0.6,0,0,0.4,0.2,0,0.4,0,0,0,0,0,0.4,0.2,0.4,0,0,0,0,0.2,0,0,0.2,0,0,0.2,0,0,0,0,0,0,0
Stenotrophomonas geniculata/maltophilia/pavanii,1,1,0.5,1,0,1,0,0,0,0,1,0.5,0,0,0.5,1,0,1,0,0,0,0,0,0,0,0,0,0,0,0,0,0,0,0,0,0,0,0,0,0,0,0,0,0,0,0,1,0,0,0,0,0,0,0,0,0
Tepidibaculum saccharolyticum/Ruminococcus albus,0,0.5,0,0,0,0,0.5,0,0,0,0,0,0,0,0,0,0,0,0,0.5,0,0,0.5,0,0,0,0,0,0,0,0,0,0,0,0,0,0,0,0,0,0,0,0,0,0,0,0,0,0,0,0,0,0,0,0,0
Sellimonas intestinalis/Drancourtella massiliensis,1,1,1,1,0,0,1,0,0,0,0,0,0,0,0,0,0,0,0,1,0,0,0,0,0,0,1,0,0,0,0,0,0,0,0,0,0,0,0,0,0,1,0,0,0,0,0,0,0,0,0,0,0,0,0,0